source,year,variable,institutions_total,institutions_nonmissing,institutions_missing,proportion_missing,structural_missingness_reason
GSS,2008,unitids,579,579,0,0.0,
GSS,2008,unitid_count,579,579,0,0.0,
GSS,2008,graduate_students,579,579,0,0.0,
GSS,2008,doctoral_students,579,0,579,1.0,Not collected separately from master's students before 2017
GSS,2008,full_time_doctoral_students,579,0,579,1.0,Not collected separately from master's students before 2017
GSS,2008,research_assistants,579,579,0,0.0,
GSS,2008,doctoral_research_assistants,579,0,579,1.0,Not collected separately from master's students before 2017
GSS,2008,teaching_assistants,579,579,0,0.0,
GSS,2008,fellowship_students,579,579,0,0.0,
GSS,2008,traineeship_students,579,579,0,0.0,
GSS,2008,postdocs,579,579,0,0.0,
GSS,2008,federally_supported_postdocs,579,0,579,1.0,
GSS,2008,nonfederally_supported_postdocs,579,0,579,1.0,
GSS,2008,institution_supported_students,579,579,0,0.0,
GSS,2008,self_supported_students,579,579,0,0.0,
GSS,2008,federally_supported_students,579,579,0,0.0,
GSS,2008,fellowship_trainee_students,579,579,0,0.0,
GSS,2008,research_labor_core,579,579,0,0.0,
GSS,2008,research_labor_broad,579,579,0,0.0,
GSS,2009,unitids,575,575,0,0.0,
GSS,2009,unitid_count,575,575,0,0.0,
GSS,2009,graduate_students,575,575,0,0.0,
GSS,2009,doctoral_students,575,0,575,1.0,Not collected separately from master's students before 2017
GSS,2009,full_time_doctoral_students,575,0,575,1.0,Not collected separately from master's students before 2017
GSS,2009,research_assistants,575,575,0,0.0,
GSS,2009,doctoral_research_assistants,575,0,575,1.0,Not collected separately from master's students before 2017
GSS,2009,teaching_assistants,575,575,0,0.0,
GSS,2009,fellowship_students,575,575,0,0.0,
GSS,2009,traineeship_students,575,575,0,0.0,
GSS,2009,postdocs,575,575,0,0.0,
GSS,2009,federally_supported_postdocs,575,0,575,1.0,
GSS,2009,nonfederally_supported_postdocs,575,0,575,1.0,
GSS,2009,institution_supported_students,575,575,0,0.0,
GSS,2009,self_supported_students,575,575,0,0.0,
GSS,2009,federally_supported_students,575,575,0,0.0,
GSS,2009,fellowship_trainee_students,575,575,0,0.0,
GSS,2009,research_labor_core,575,575,0,0.0,
GSS,2009,research_labor_broad,575,575,0,0.0,
GSS,2010,unitids,574,574,0,0.0,
GSS,2010,unitid_count,574,574,0,0.0,
GSS,2010,graduate_students,574,574,0,0.0,
GSS,2010,doctoral_students,574,0,574,1.0,Not collected separately from master's students before 2017
GSS,2010,full_time_doctoral_students,574,0,574,1.0,Not collected separately from master's students before 2017
GSS,2010,research_assistants,574,574,0,0.0,
GSS,2010,doctoral_research_assistants,574,0,574,1.0,Not collected separately from master's students before 2017
GSS,2010,teaching_assistants,574,574,0,0.0,
GSS,2010,fellowship_students,574,574,0,0.0,
GSS,2010,traineeship_students,574,574,0,0.0,
GSS,2010,postdocs,574,574,0,0.0,
GSS,2010,federally_supported_postdocs,574,574,0,0.0,
GSS,2010,nonfederally_supported_postdocs,574,574,0,0.0,
GSS,2010,institution_supported_students,574,574,0,0.0,
GSS,2010,self_supported_students,574,574,0,0.0,
GSS,2010,federally_supported_students,574,574,0,0.0,
GSS,2010,fellowship_trainee_students,574,574,0,0.0,
GSS,2010,research_labor_core,574,574,0,0.0,
GSS,2010,research_labor_broad,574,574,0,0.0,
GSS,2011,unitids,565,565,0,0.0,
GSS,2011,unitid_count,565,565,0,0.0,
GSS,2011,graduate_students,565,565,0,0.0,
GSS,2011,doctoral_students,565,0,565,1.0,Not collected separately from master's students before 2017
GSS,2011,full_time_doctoral_students,565,0,565,1.0,Not collected separately from master's students before 2017
GSS,2011,research_assistants,565,565,0,0.0,
GSS,2011,doctoral_research_assistants,565,0,565,1.0,Not collected separately from master's students before 2017
GSS,2011,teaching_assistants,565,565,0,0.0,
GSS,2011,fellowship_students,565,565,0,0.0,
GSS,2011,traineeship_students,565,565,0,0.0,
GSS,2011,postdocs,565,565,0,0.0,
GSS,2011,federally_supported_postdocs,565,565,0,0.0,
GSS,2011,nonfederally_supported_postdocs,565,565,0,0.0,
GSS,2011,institution_supported_students,565,565,0,0.0,
GSS,2011,self_supported_students,565,565,0,0.0,
GSS,2011,federally_supported_students,565,565,0,0.0,
GSS,2011,fellowship_trainee_students,565,565,0,0.0,
GSS,2011,research_labor_core,565,565,0,0.0,
GSS,2011,research_labor_broad,565,565,0,0.0,
GSS,2012,unitids,565,565,0,0.0,
GSS,2012,unitid_count,565,565,0,0.0,
GSS,2012,graduate_students,565,565,0,0.0,
GSS,2012,doctoral_students,565,0,565,1.0,Not collected separately from master's students before 2017
GSS,2012,full_time_doctoral_students,565,0,565,1.0,Not collected separately from master's students before 2017
GSS,2012,research_assistants,565,565,0,0.0,
GSS,2012,doctoral_research_assistants,565,0,565,1.0,Not collected separately from master's students before 2017
GSS,2012,teaching_assistants,565,565,0,0.0,
GSS,2012,fellowship_students,565,565,0,0.0,
GSS,2012,traineeship_students,565,565,0,0.0,
GSS,2012,postdocs,565,565,0,0.0,
GSS,2012,federally_supported_postdocs,565,565,0,0.0,
GSS,2012,nonfederally_supported_postdocs,565,565,0,0.0,
GSS,2012,institution_supported_students,565,565,0,0.0,
GSS,2012,self_supported_students,565,565,0,0.0,
GSS,2012,federally_supported_students,565,565,0,0.0,
GSS,2012,fellowship_trainee_students,565,565,0,0.0,
GSS,2012,research_labor_core,565,565,0,0.0,
GSS,2012,research_labor_broad,565,565,0,0.0,
GSS,2013,unitids,564,564,0,0.0,
GSS,2013,unitid_count,564,564,0,0.0,
GSS,2013,graduate_students,564,564,0,0.0,
GSS,2013,doctoral_students,564,0,564,1.0,Not collected separately from master's students before 2017
GSS,2013,full_time_doctoral_students,564,0,564,1.0,Not collected separately from master's students before 2017
GSS,2013,research_assistants,564,564,0,0.0,
GSS,2013,doctoral_research_assistants,564,0,564,1.0,Not collected separately from master's students before 2017
GSS,2013,teaching_assistants,564,564,0,0.0,
GSS,2013,fellowship_students,564,564,0,0.0,
GSS,2013,traineeship_students,564,564,0,0.0,
GSS,2013,postdocs,564,564,0,0.0,
GSS,2013,federally_supported_postdocs,564,564,0,0.0,
GSS,2013,nonfederally_supported_postdocs,564,564,0,0.0,
GSS,2013,institution_supported_students,564,564,0,0.0,
GSS,2013,self_supported_students,564,564,0,0.0,
GSS,2013,federally_supported_students,564,564,0,0.0,
GSS,2013,fellowship_trainee_students,564,564,0,0.0,
GSS,2013,research_labor_core,564,564,0,0.0,
GSS,2013,research_labor_broad,564,564,0,0.0,
GSS,2014,unitids,706,706,0,0.0,
GSS,2014,unitid_count,706,706,0,0.0,
GSS,2014,graduate_students,706,706,0,0.0,
GSS,2014,doctoral_students,706,0,706,1.0,Not collected separately from master's students before 2017
GSS,2014,full_time_doctoral_students,706,0,706,1.0,Not collected separately from master's students before 2017
GSS,2014,research_assistants,706,706,0,0.0,
GSS,2014,doctoral_research_assistants,706,0,706,1.0,Not collected separately from master's students before 2017
GSS,2014,teaching_assistants,706,706,0,0.0,
GSS,2014,fellowship_students,706,706,0,0.0,
GSS,2014,traineeship_students,706,706,0,0.0,
GSS,2014,postdocs,706,706,0,0.0,
GSS,2014,federally_supported_postdocs,706,706,0,0.0,
GSS,2014,nonfederally_supported_postdocs,706,706,0,0.0,
GSS,2014,institution_supported_students,706,706,0,0.0,
GSS,2014,self_supported_students,706,706,0,0.0,
GSS,2014,federally_supported_students,706,706,0,0.0,
GSS,2014,fellowship_trainee_students,706,706,0,0.0,
GSS,2014,research_labor_core,706,706,0,0.0,
GSS,2014,research_labor_broad,706,706,0,0.0,
GSS,2015,unitids,711,711,0,0.0,
GSS,2015,unitid_count,711,711,0,0.0,
GSS,2015,graduate_students,711,711,0,0.0,
GSS,2015,doctoral_students,711,0,711,1.0,Not collected separately from master's students before 2017
GSS,2015,full_time_doctoral_students,711,0,711,1.0,Not collected separately from master's students before 2017
GSS,2015,research_assistants,711,711,0,0.0,
GSS,2015,doctoral_research_assistants,711,0,711,1.0,Not collected separately from master's students before 2017
GSS,2015,teaching_assistants,711,711,0,0.0,
GSS,2015,fellowship_students,711,711,0,0.0,
GSS,2015,traineeship_students,711,711,0,0.0,
GSS,2015,postdocs,711,711,0,0.0,
GSS,2015,federally_supported_postdocs,711,711,0,0.0,
GSS,2015,nonfederally_supported_postdocs,711,711,0,0.0,
GSS,2015,institution_supported_students,711,711,0,0.0,
GSS,2015,self_supported_students,711,711,0,0.0,
GSS,2015,federally_supported_students,711,711,0,0.0,
GSS,2015,fellowship_trainee_students,711,711,0,0.0,
GSS,2015,research_labor_core,711,711,0,0.0,
GSS,2015,research_labor_broad,711,711,0,0.0,
GSS,2016,unitids,714,714,0,0.0,
GSS,2016,unitid_count,714,714,0,0.0,
GSS,2016,graduate_students,714,714,0,0.0,
GSS,2016,doctoral_students,714,0,714,1.0,Not collected separately from master's students before 2017
GSS,2016,full_time_doctoral_students,714,0,714,1.0,Not collected separately from master's students before 2017
GSS,2016,research_assistants,714,714,0,0.0,
GSS,2016,doctoral_research_assistants,714,0,714,1.0,Not collected separately from master's students before 2017
GSS,2016,teaching_assistants,714,714,0,0.0,
GSS,2016,fellowship_students,714,714,0,0.0,
GSS,2016,traineeship_students,714,714,0,0.0,
GSS,2016,postdocs,714,714,0,0.0,
GSS,2016,federally_supported_postdocs,714,714,0,0.0,
GSS,2016,nonfederally_supported_postdocs,714,714,0,0.0,
GSS,2016,institution_supported_students,714,714,0,0.0,
GSS,2016,self_supported_students,714,714,0,0.0,
GSS,2016,federally_supported_students,714,714,0,0.0,
GSS,2016,fellowship_trainee_students,714,714,0,0.0,
GSS,2016,research_labor_core,714,714,0,0.0,
GSS,2016,research_labor_broad,714,714,0,0.0,
GSS,2017,unitids,703,703,0,0.0,
GSS,2017,unitid_count,703,703,0,0.0,
GSS,2017,graduate_students,703,703,0,0.0,
GSS,2017,doctoral_students,703,703,0,0.0,
GSS,2017,full_time_doctoral_students,703,703,0,0.0,
GSS,2017,research_assistants,703,703,0,0.0,
GSS,2017,doctoral_research_assistants,703,703,0,0.0,
GSS,2017,teaching_assistants,703,703,0,0.0,
GSS,2017,fellowship_students,703,703,0,0.0,
GSS,2017,traineeship_students,703,703,0,0.0,
GSS,2017,postdocs,703,703,0,0.0,
GSS,2017,federally_supported_postdocs,703,703,0,0.0,
GSS,2017,nonfederally_supported_postdocs,703,703,0,0.0,
GSS,2017,institution_supported_students,703,703,0,0.0,
GSS,2017,self_supported_students,703,703,0,0.0,
GSS,2017,federally_supported_students,703,703,0,0.0,
GSS,2017,fellowship_trainee_students,703,703,0,0.0,
GSS,2017,research_labor_core,703,703,0,0.0,
GSS,2017,research_labor_broad,703,703,0,0.0,
GSS,2018,unitids,715,715,0,0.0,
GSS,2018,unitid_count,715,715,0,0.0,
GSS,2018,graduate_students,715,715,0,0.0,
GSS,2018,doctoral_students,715,715,0,0.0,
GSS,2018,full_time_doctoral_students,715,715,0,0.0,
GSS,2018,research_assistants,715,715,0,0.0,
GSS,2018,doctoral_research_assistants,715,715,0,0.0,
GSS,2018,teaching_assistants,715,715,0,0.0,
GSS,2018,fellowship_students,715,715,0,0.0,
GSS,2018,traineeship_students,715,715,0,0.0,
GSS,2018,postdocs,715,715,0,0.0,
GSS,2018,federally_supported_postdocs,715,715,0,0.0,
GSS,2018,nonfederally_supported_postdocs,715,715,0,0.0,
GSS,2018,institution_supported_students,715,715,0,0.0,
GSS,2018,self_supported_students,715,715,0,0.0,
GSS,2018,federally_supported_students,715,715,0,0.0,
GSS,2018,fellowship_trainee_students,715,715,0,0.0,
GSS,2018,research_labor_core,715,715,0,0.0,
GSS,2018,research_labor_broad,715,715,0,0.0,
GSS,2019,unitids,714,714,0,0.0,
GSS,2019,unitid_count,714,714,0,0.0,
GSS,2019,graduate_students,714,714,0,0.0,
GSS,2019,doctoral_students,714,714,0,0.0,
GSS,2019,full_time_doctoral_students,714,714,0,0.0,
GSS,2019,research_assistants,714,714,0,0.0,
GSS,2019,doctoral_research_assistants,714,714,0,0.0,
GSS,2019,teaching_assistants,714,714,0,0.0,
GSS,2019,fellowship_students,714,714,0,0.0,
GSS,2019,traineeship_students,714,714,0,0.0,
GSS,2019,postdocs,714,714,0,0.0,
GSS,2019,federally_supported_postdocs,714,714,0,0.0,
GSS,2019,nonfederally_supported_postdocs,714,714,0,0.0,
GSS,2019,institution_supported_students,714,714,0,0.0,
GSS,2019,self_supported_students,714,714,0,0.0,
GSS,2019,federally_supported_students,714,714,0,0.0,
GSS,2019,fellowship_trainee_students,714,714,0,0.0,
GSS,2019,research_labor_core,714,714,0,0.0,
GSS,2019,research_labor_broad,714,714,0,0.0,
GSS,2020,unitids,712,712,0,0.0,
GSS,2020,unitid_count,712,712,0,0.0,
GSS,2020,graduate_students,712,712,0,0.0,
GSS,2020,doctoral_students,712,712,0,0.0,
GSS,2020,full_time_doctoral_students,712,712,0,0.0,
GSS,2020,research_assistants,712,712,0,0.0,
GSS,2020,doctoral_research_assistants,712,712,0,0.0,
GSS,2020,teaching_assistants,712,712,0,0.0,
GSS,2020,fellowship_students,712,712,0,0.0,
GSS,2020,traineeship_students,712,712,0,0.0,
GSS,2020,postdocs,712,712,0,0.0,
GSS,2020,federally_supported_postdocs,712,712,0,0.0,
GSS,2020,nonfederally_supported_postdocs,712,712,0,0.0,
GSS,2020,institution_supported_students,712,712,0,0.0,
GSS,2020,self_supported_students,712,712,0,0.0,
GSS,2020,federally_supported_students,712,712,0,0.0,
GSS,2020,fellowship_trainee_students,712,712,0,0.0,
GSS,2020,research_labor_core,712,712,0,0.0,
GSS,2020,research_labor_broad,712,712,0,0.0,
GSS,2021,unitids,699,699,0,0.0,
GSS,2021,unitid_count,699,699,0,0.0,
GSS,2021,graduate_students,699,699,0,0.0,
GSS,2021,doctoral_students,699,699,0,0.0,
GSS,2021,full_time_doctoral_students,699,699,0,0.0,
GSS,2021,research_assistants,699,699,0,0.0,
GSS,2021,doctoral_research_assistants,699,699,0,0.0,
GSS,2021,teaching_assistants,699,699,0,0.0,
GSS,2021,fellowship_students,699,699,0,0.0,
GSS,2021,traineeship_students,699,699,0,0.0,
GSS,2021,postdocs,699,699,0,0.0,
GSS,2021,federally_supported_postdocs,699,699,0,0.0,
GSS,2021,nonfederally_supported_postdocs,699,699,0,0.0,
GSS,2021,institution_supported_students,699,699,0,0.0,
GSS,2021,self_supported_students,699,699,0,0.0,
GSS,2021,federally_supported_students,699,699,0,0.0,
GSS,2021,fellowship_trainee_students,699,699,0,0.0,
GSS,2021,research_labor_core,699,699,0,0.0,
GSS,2021,research_labor_broad,699,699,0,0.0,
GSS,2022,unitids,690,690,0,0.0,
GSS,2022,unitid_count,690,690,0,0.0,
GSS,2022,graduate_students,690,690,0,0.0,
GSS,2022,doctoral_students,690,690,0,0.0,
GSS,2022,full_time_doctoral_students,690,690,0,0.0,
GSS,2022,research_assistants,690,690,0,0.0,
GSS,2022,doctoral_research_assistants,690,690,0,0.0,
GSS,2022,teaching_assistants,690,690,0,0.0,
GSS,2022,fellowship_students,690,690,0,0.0,
GSS,2022,traineeship_students,690,690,0,0.0,
GSS,2022,postdocs,690,690,0,0.0,
GSS,2022,federally_supported_postdocs,690,690,0,0.0,
GSS,2022,nonfederally_supported_postdocs,690,690,0,0.0,
GSS,2022,institution_supported_students,690,690,0,0.0,
GSS,2022,self_supported_students,690,690,0,0.0,
GSS,2022,federally_supported_students,690,690,0,0.0,
GSS,2022,fellowship_trainee_students,690,690,0,0.0,
GSS,2022,research_labor_core,690,690,0,0.0,
GSS,2022,research_labor_broad,690,690,0,0.0,
GSS,2023,unitids,687,687,0,0.0,
GSS,2023,unitid_count,687,687,0,0.0,
GSS,2023,graduate_students,687,687,0,0.0,
GSS,2023,doctoral_students,687,687,0,0.0,
GSS,2023,full_time_doctoral_students,687,687,0,0.0,
GSS,2023,research_assistants,687,687,0,0.0,
GSS,2023,doctoral_research_assistants,687,687,0,0.0,
GSS,2023,teaching_assistants,687,687,0,0.0,
GSS,2023,fellowship_students,687,687,0,0.0,
GSS,2023,traineeship_students,687,687,0,0.0,
GSS,2023,postdocs,687,687,0,0.0,
GSS,2023,federally_supported_postdocs,687,687,0,0.0,
GSS,2023,nonfederally_supported_postdocs,687,687,0,0.0,
GSS,2023,institution_supported_students,687,687,0,0.0,
GSS,2023,self_supported_students,687,687,0,0.0,
GSS,2023,federally_supported_students,687,687,0,0.0,
GSS,2023,fellowship_trainee_students,687,687,0,0.0,
GSS,2023,research_labor_core,687,687,0,0.0,
GSS,2023,research_labor_broad,687,687,0,0.0,
GSS,2024,unitids,635,635,0,0.0,
GSS,2024,unitid_count,635,635,0,0.0,
GSS,2024,graduate_students,635,635,0,0.0,
GSS,2024,doctoral_students,635,635,0,0.0,
GSS,2024,full_time_doctoral_students,635,635,0,0.0,
GSS,2024,research_assistants,635,635,0,0.0,
GSS,2024,doctoral_research_assistants,635,635,0,0.0,
GSS,2024,teaching_assistants,635,635,0,0.0,
GSS,2024,fellowship_students,635,635,0,0.0,
GSS,2024,traineeship_students,635,635,0,0.0,
GSS,2024,postdocs,635,635,0,0.0,
GSS,2024,federally_supported_postdocs,635,635,0,0.0,
GSS,2024,nonfederally_supported_postdocs,635,635,0,0.0,
GSS,2024,institution_supported_students,635,635,0,0.0,
GSS,2024,self_supported_students,635,635,0,0.0,
GSS,2024,federally_supported_students,635,635,0,0.0,
GSS,2024,fellowship_trainee_students,635,635,0,0.0,
GSS,2024,research_labor_core,635,635,0,0.0,
GSS,2024,research_labor_broad,635,635,0,0.0,
HERD,2008,total_rd_nominal_thousands,690,690,0,0.0,
HERD,2008,federal_rd_nominal_thousands,690,685,5,0.007246376811594203,
HERD,2008,state_local_rd_nominal_thousands,690,527,163,0.23623188405797102,
HERD,2008,business_rd_nominal_thousands,690,497,193,0.2797101449275362,
HERD,2008,nonprofit_rd_nominal_thousands,690,0,690,1.0,Not collected as a separate source before the HERD redesign
HERD,2008,institution_rd_nominal_thousands,690,556,134,0.19420289855072465,
HERD,2008,other_rd_nominal_thousands,690,495,195,0.2826086956521739,
HERD,2008,gdp_implicit_price_deflator_2017_100,690,690,0,0.0,
HERD,2008,to_constant_2017_dollars,690,690,0,0.0,
HERD,2008,total_rd_real_2017_thousands,690,690,0,0.0,
HERD,2008,federal_rd_real_2017_thousands,690,685,5,0.007246376811594203,
HERD,2008,state_local_rd_real_2017_thousands,690,527,163,0.23623188405797102,
HERD,2008,business_rd_real_2017_thousands,690,497,193,0.2797101449275362,
HERD,2008,nonprofit_rd_real_2017_thousands,690,0,690,1.0,
HERD,2008,institution_rd_real_2017_thousands,690,556,134,0.19420289855072465,
HERD,2008,other_rd_real_2017_thousands,690,495,195,0.2826086956521739,
HERD,2008,total_rd_real_2017_thousands_change,690,0,690,1.0,
HERD,2009,total_rd_nominal_thousands,708,708,0,0.0,
HERD,2009,federal_rd_nominal_thousands,708,701,7,0.009887005649717515,
HERD,2009,state_local_rd_nominal_thousands,708,555,153,0.21610169491525424,
HERD,2009,business_rd_nominal_thousands,708,508,200,0.2824858757062147,
HERD,2009,nonprofit_rd_nominal_thousands,708,0,708,1.0,Not collected as a separate source before the HERD redesign
HERD,2009,institution_rd_nominal_thousands,708,572,136,0.192090395480226,
HERD,2009,other_rd_nominal_thousands,708,504,204,0.288135593220339,
HERD,2009,gdp_implicit_price_deflator_2017_100,708,708,0,0.0,
HERD,2009,to_constant_2017_dollars,708,708,0,0.0,
HERD,2009,total_rd_real_2017_thousands,708,708,0,0.0,
HERD,2009,federal_rd_real_2017_thousands,708,701,7,0.009887005649717515,
HERD,2009,state_local_rd_real_2017_thousands,708,555,153,0.21610169491525424,
HERD,2009,business_rd_real_2017_thousands,708,508,200,0.2824858757062147,
HERD,2009,nonprofit_rd_real_2017_thousands,708,0,708,1.0,
HERD,2009,institution_rd_real_2017_thousands,708,572,136,0.192090395480226,
HERD,2009,other_rd_real_2017_thousands,708,504,204,0.288135593220339,
HERD,2009,total_rd_real_2017_thousands_change,708,679,29,0.04096045197740113,
HERD,2010,total_rd_nominal_thousands,744,744,0,0.0,
HERD,2010,federal_rd_nominal_thousands,744,737,7,0.009408602150537635,
HERD,2010,state_local_rd_nominal_thousands,744,587,157,0.2110215053763441,
HERD,2010,business_rd_nominal_thousands,744,534,210,0.28225806451612906,
HERD,2010,nonprofit_rd_nominal_thousands,744,586,158,0.21236559139784947,
HERD,2010,institution_rd_nominal_thousands,744,634,110,0.1478494623655914,
HERD,2010,other_rd_nominal_thousands,744,269,475,0.6384408602150538,
HERD,2010,gdp_implicit_price_deflator_2017_100,744,744,0,0.0,
HERD,2010,to_constant_2017_dollars,744,744,0,0.0,
HERD,2010,total_rd_real_2017_thousands,744,744,0,0.0,
HERD,2010,federal_rd_real_2017_thousands,744,737,7,0.009408602150537635,
HERD,2010,state_local_rd_real_2017_thousands,744,587,157,0.2110215053763441,
HERD,2010,business_rd_real_2017_thousands,744,534,210,0.28225806451612906,
HERD,2010,nonprofit_rd_real_2017_thousands,744,586,158,0.21236559139784947,
HERD,2010,institution_rd_real_2017_thousands,744,634,110,0.1478494623655914,
HERD,2010,other_rd_real_2017_thousands,744,269,475,0.6384408602150538,
HERD,2010,total_rd_real_2017_thousands_change,744,686,58,0.07795698924731183,
HERD,2011,total_rd_nominal_thousands,912,912,0,0.0,
HERD,2011,federal_rd_nominal_thousands,912,896,16,0.017543859649122806,
HERD,2011,state_local_rd_nominal_thousands,912,660,252,0.27631578947368424,
HERD,2011,business_rd_nominal_thousands,912,610,302,0.33114035087719296,
HERD,2011,nonprofit_rd_nominal_thousands,912,698,214,0.23464912280701755,
HERD,2011,institution_rd_nominal_thousands,912,769,143,0.15679824561403508,
HERD,2011,other_rd_nominal_thousands,912,284,628,0.6885964912280702,
HERD,2011,gdp_implicit_price_deflator_2017_100,912,912,0,0.0,
HERD,2011,to_constant_2017_dollars,912,912,0,0.0,
HERD,2011,total_rd_real_2017_thousands,912,912,0,0.0,
HERD,2011,federal_rd_real_2017_thousands,912,896,16,0.017543859649122806,
HERD,2011,state_local_rd_real_2017_thousands,912,660,252,0.27631578947368424,
HERD,2011,business_rd_real_2017_thousands,912,610,302,0.33114035087719296,
HERD,2011,nonprofit_rd_real_2017_thousands,912,698,214,0.23464912280701755,
HERD,2011,institution_rd_real_2017_thousands,912,769,143,0.15679824561403508,
HERD,2011,other_rd_real_2017_thousands,912,284,628,0.6885964912280702,
HERD,2011,total_rd_real_2017_thousands_change,912,740,172,0.18859649122807018,
HERD,2012,total_rd_nominal_thousands,894,894,0,0.0,
HERD,2012,federal_rd_nominal_thousands,894,878,16,0.017897091722595078,
HERD,2012,state_local_rd_nominal_thousands,894,650,244,0.27293064876957496,
HERD,2012,business_rd_nominal_thousands,894,606,288,0.3221476510067114,
HERD,2012,nonprofit_rd_nominal_thousands,894,699,195,0.2181208053691275,
HERD,2012,institution_rd_nominal_thousands,894,782,112,0.12527964205816555,
HERD,2012,other_rd_nominal_thousands,894,291,603,0.674496644295302,
HERD,2012,gdp_implicit_price_deflator_2017_100,894,894,0,0.0,
HERD,2012,to_constant_2017_dollars,894,894,0,0.0,
HERD,2012,total_rd_real_2017_thousands,894,894,0,0.0,
HERD,2012,federal_rd_real_2017_thousands,894,878,16,0.017897091722595078,
HERD,2012,state_local_rd_real_2017_thousands,894,650,244,0.27293064876957496,
HERD,2012,business_rd_real_2017_thousands,894,606,288,0.3221476510067114,
HERD,2012,nonprofit_rd_real_2017_thousands,894,699,195,0.2181208053691275,
HERD,2012,institution_rd_real_2017_thousands,894,782,112,0.12527964205816555,
HERD,2012,other_rd_real_2017_thousands,894,291,603,0.674496644295302,
HERD,2012,total_rd_real_2017_thousands_change,894,871,23,0.025727069351230425,
HERD,2013,total_rd_nominal_thousands,886,886,0,0.0,
HERD,2013,federal_rd_nominal_thousands,886,874,12,0.013544018058690745,
HERD,2013,state_local_rd_nominal_thousands,886,639,247,0.27878103837471785,
HERD,2013,business_rd_nominal_thousands,886,573,313,0.35327313769751695,
HERD,2013,nonprofit_rd_nominal_thousands,886,685,201,0.22686230248307,
HERD,2013,institution_rd_nominal_thousands,886,781,105,0.11851015801354402,
HERD,2013,other_rd_nominal_thousands,886,410,476,0.5372460496613995,
HERD,2013,gdp_implicit_price_deflator_2017_100,886,886,0,0.0,
HERD,2013,to_constant_2017_dollars,886,886,0,0.0,
HERD,2013,total_rd_real_2017_thousands,886,886,0,0.0,
HERD,2013,federal_rd_real_2017_thousands,886,874,12,0.013544018058690745,
HERD,2013,state_local_rd_real_2017_thousands,886,639,247,0.27878103837471785,
HERD,2013,business_rd_real_2017_thousands,886,573,313,0.35327313769751695,
HERD,2013,nonprofit_rd_real_2017_thousands,886,685,201,0.22686230248307,
HERD,2013,institution_rd_real_2017_thousands,886,781,105,0.11851015801354402,
HERD,2013,other_rd_real_2017_thousands,886,410,476,0.5372460496613995,
HERD,2013,total_rd_real_2017_thousands_change,886,868,18,0.020316027088036117,
HERD,2014,total_rd_nominal_thousands,889,889,0,0.0,
HERD,2014,federal_rd_nominal_thousands,889,865,24,0.02699662542182227,
HERD,2014,state_local_rd_nominal_thousands,889,634,255,0.28683914510686165,
HERD,2014,business_rd_nominal_thousands,889,580,309,0.34758155230596177,
HERD,2014,nonprofit_rd_nominal_thousands,889,697,192,0.21597300337457817,
HERD,2014,institution_rd_nominal_thousands,889,796,93,0.1046119235095613,
HERD,2014,other_rd_nominal_thousands,889,430,459,0.5163104611923509,
HERD,2014,gdp_implicit_price_deflator_2017_100,889,889,0,0.0,
HERD,2014,to_constant_2017_dollars,889,889,0,0.0,
HERD,2014,total_rd_real_2017_thousands,889,889,0,0.0,
HERD,2014,federal_rd_real_2017_thousands,889,865,24,0.02699662542182227,
HERD,2014,state_local_rd_real_2017_thousands,889,634,255,0.28683914510686165,
HERD,2014,business_rd_real_2017_thousands,889,580,309,0.34758155230596177,
HERD,2014,nonprofit_rd_real_2017_thousands,889,697,192,0.21597300337457817,
HERD,2014,institution_rd_real_2017_thousands,889,796,93,0.1046119235095613,
HERD,2014,other_rd_real_2017_thousands,889,430,459,0.5163104611923509,
HERD,2014,total_rd_real_2017_thousands_change,889,866,23,0.025871766029246346,
HERD,2015,total_rd_nominal_thousands,898,898,0,0.0,
HERD,2015,federal_rd_nominal_thousands,898,869,29,0.03229398663697105,
HERD,2015,state_local_rd_nominal_thousands,898,656,242,0.26948775055679286,
HERD,2015,business_rd_nominal_thousands,898,588,310,0.34521158129175944,
HERD,2015,nonprofit_rd_nominal_thousands,898,716,182,0.2026726057906459,
HERD,2015,institution_rd_nominal_thousands,898,804,94,0.10467706013363029,
HERD,2015,other_rd_nominal_thousands,898,445,453,0.5044543429844098,
HERD,2015,gdp_implicit_price_deflator_2017_100,898,898,0,0.0,
HERD,2015,to_constant_2017_dollars,898,898,0,0.0,
HERD,2015,total_rd_real_2017_thousands,898,898,0,0.0,
HERD,2015,federal_rd_real_2017_thousands,898,869,29,0.03229398663697105,
HERD,2015,state_local_rd_real_2017_thousands,898,656,242,0.26948775055679286,
HERD,2015,business_rd_real_2017_thousands,898,588,310,0.34521158129175944,
HERD,2015,nonprofit_rd_real_2017_thousands,898,716,182,0.2026726057906459,
HERD,2015,institution_rd_real_2017_thousands,898,804,94,0.10467706013363029,
HERD,2015,other_rd_real_2017_thousands,898,445,453,0.5044543429844098,
HERD,2015,total_rd_real_2017_thousands_change,898,878,20,0.022271714922048998,
HERD,2016,total_rd_nominal_thousands,896,896,0,0.0,
HERD,2016,federal_rd_nominal_thousands,896,872,24,0.026785714285714284,
HERD,2016,state_local_rd_nominal_thousands,896,653,243,0.27120535714285715,
HERD,2016,business_rd_nominal_thousands,896,591,305,0.3404017857142857,
HERD,2016,nonprofit_rd_nominal_thousands,896,713,183,0.20424107142857142,
HERD,2016,institution_rd_nominal_thousands,896,800,96,0.10714285714285714,
HERD,2016,other_rd_nominal_thousands,896,466,430,0.4799107142857143,
HERD,2016,gdp_implicit_price_deflator_2017_100,896,896,0,0.0,
HERD,2016,to_constant_2017_dollars,896,896,0,0.0,
HERD,2016,total_rd_real_2017_thousands,896,896,0,0.0,
HERD,2016,federal_rd_real_2017_thousands,896,872,24,0.026785714285714284,
HERD,2016,state_local_rd_real_2017_thousands,896,653,243,0.27120535714285715,
HERD,2016,business_rd_real_2017_thousands,896,591,305,0.3404017857142857,
HERD,2016,nonprofit_rd_real_2017_thousands,896,713,183,0.20424107142857142,
HERD,2016,institution_rd_real_2017_thousands,896,800,96,0.10714285714285714,
HERD,2016,other_rd_real_2017_thousands,896,466,430,0.4799107142857143,
HERD,2016,total_rd_real_2017_thousands_change,896,880,16,0.017857142857142856,
HERD,2017,total_rd_nominal_thousands,898,898,0,0.0,
HERD,2017,federal_rd_nominal_thousands,898,874,24,0.026726057906458798,
HERD,2017,state_local_rd_nominal_thousands,898,642,256,0.28507795100222716,
HERD,2017,business_rd_nominal_thousands,898,585,313,0.34855233853006684,
HERD,2017,nonprofit_rd_nominal_thousands,898,723,175,0.19487750556792874,
HERD,2017,institution_rd_nominal_thousands,898,806,92,0.10244988864142539,
HERD,2017,other_rd_nominal_thousands,898,474,424,0.47216035634743875,
HERD,2017,gdp_implicit_price_deflator_2017_100,898,898,0,0.0,
HERD,2017,to_constant_2017_dollars,898,898,0,0.0,
HERD,2017,total_rd_real_2017_thousands,898,898,0,0.0,
HERD,2017,federal_rd_real_2017_thousands,898,874,24,0.026726057906458798,
HERD,2017,state_local_rd_real_2017_thousands,898,642,256,0.28507795100222716,
HERD,2017,business_rd_real_2017_thousands,898,585,313,0.34855233853006684,
HERD,2017,nonprofit_rd_real_2017_thousands,898,723,175,0.19487750556792874,
HERD,2017,institution_rd_real_2017_thousands,898,806,92,0.10244988864142539,
HERD,2017,other_rd_real_2017_thousands,898,474,424,0.47216035634743875,
HERD,2017,total_rd_real_2017_thousands_change,898,885,13,0.014476614699331848,
HERD,2018,total_rd_nominal_thousands,911,911,0,0.0,
HERD,2018,federal_rd_nominal_thousands,911,886,25,0.027442371020856202,
HERD,2018,state_local_rd_nominal_thousands,911,657,254,0.278814489571899,
HERD,2018,business_rd_nominal_thousands,911,585,326,0.3578485181119649,
HERD,2018,nonprofit_rd_nominal_thousands,911,726,185,0.2030735455543359,
HERD,2018,institution_rd_nominal_thousands,911,816,95,0.10428100987925357,
HERD,2018,other_rd_nominal_thousands,911,476,435,0.4774972557628979,
HERD,2018,gdp_implicit_price_deflator_2017_100,911,911,0,0.0,
HERD,2018,to_constant_2017_dollars,911,911,0,0.0,
HERD,2018,total_rd_real_2017_thousands,911,911,0,0.0,
HERD,2018,federal_rd_real_2017_thousands,911,886,25,0.027442371020856202,
HERD,2018,state_local_rd_real_2017_thousands,911,657,254,0.278814489571899,
HERD,2018,business_rd_real_2017_thousands,911,585,326,0.3578485181119649,
HERD,2018,nonprofit_rd_real_2017_thousands,911,726,185,0.2030735455543359,
HERD,2018,institution_rd_real_2017_thousands,911,816,95,0.10428100987925357,
HERD,2018,other_rd_real_2017_thousands,911,476,435,0.4774972557628979,
HERD,2018,total_rd_real_2017_thousands_change,911,895,16,0.01756311745334797,
HERD,2019,total_rd_nominal_thousands,914,914,0,0.0,
HERD,2019,federal_rd_nominal_thousands,914,892,22,0.024070021881838075,
HERD,2019,state_local_rd_nominal_thousands,914,659,255,0.2789934354485777,
HERD,2019,business_rd_nominal_thousands,914,590,324,0.3544857768052516,
HERD,2019,nonprofit_rd_nominal_thousands,914,735,179,0.19584245076586435,
HERD,2019,institution_rd_nominal_thousands,914,819,95,0.10393873085339168,
HERD,2019,other_rd_nominal_thousands,914,489,425,0.4649890590809628,
HERD,2019,gdp_implicit_price_deflator_2017_100,914,914,0,0.0,
HERD,2019,to_constant_2017_dollars,914,914,0,0.0,
HERD,2019,total_rd_real_2017_thousands,914,914,0,0.0,
HERD,2019,federal_rd_real_2017_thousands,914,892,22,0.024070021881838075,
HERD,2019,state_local_rd_real_2017_thousands,914,659,255,0.2789934354485777,
HERD,2019,business_rd_real_2017_thousands,914,590,324,0.3544857768052516,
HERD,2019,nonprofit_rd_real_2017_thousands,914,735,179,0.19584245076586435,
HERD,2019,institution_rd_real_2017_thousands,914,819,95,0.10393873085339168,
HERD,2019,other_rd_real_2017_thousands,914,489,425,0.4649890590809628,
HERD,2019,total_rd_real_2017_thousands_change,914,901,13,0.014223194748358862,
HERD,2020,total_rd_nominal_thousands,916,916,0,0.0,
HERD,2020,federal_rd_nominal_thousands,916,893,23,0.025109170305676855,
HERD,2020,state_local_rd_nominal_thousands,916,645,271,0.29585152838427947,
HERD,2020,business_rd_nominal_thousands,916,579,337,0.36790393013100436,
HERD,2020,nonprofit_rd_nominal_thousands,916,745,171,0.18668122270742357,
HERD,2020,institution_rd_nominal_thousands,916,816,100,0.1091703056768559,
HERD,2020,other_rd_nominal_thousands,916,479,437,0.47707423580786024,
HERD,2020,gdp_implicit_price_deflator_2017_100,916,916,0,0.0,
HERD,2020,to_constant_2017_dollars,916,916,0,0.0,
HERD,2020,total_rd_real_2017_thousands,916,916,0,0.0,
HERD,2020,federal_rd_real_2017_thousands,916,893,23,0.025109170305676855,
HERD,2020,state_local_rd_real_2017_thousands,916,645,271,0.29585152838427947,
HERD,2020,business_rd_real_2017_thousands,916,579,337,0.36790393013100436,
HERD,2020,nonprofit_rd_real_2017_thousands,916,745,171,0.18668122270742357,
HERD,2020,institution_rd_real_2017_thousands,916,816,100,0.1091703056768559,
HERD,2020,other_rd_real_2017_thousands,916,479,437,0.47707423580786024,
HERD,2020,total_rd_real_2017_thousands_change,916,908,8,0.008733624454148471,
HERD,2021,total_rd_nominal_thousands,908,908,0,0.0,
HERD,2021,federal_rd_nominal_thousands,908,883,25,0.02753303964757709,
HERD,2021,state_local_rd_nominal_thousands,908,645,263,0.289647577092511,
HERD,2021,business_rd_nominal_thousands,908,569,339,0.3733480176211454,
HERD,2021,nonprofit_rd_nominal_thousands,908,737,171,0.1883259911894273,
HERD,2021,institution_rd_nominal_thousands,908,816,92,0.1013215859030837,
HERD,2021,other_rd_nominal_thousands,908,479,429,0.4724669603524229,
HERD,2021,gdp_implicit_price_deflator_2017_100,908,908,0,0.0,
HERD,2021,to_constant_2017_dollars,908,908,0,0.0,
HERD,2021,total_rd_real_2017_thousands,908,908,0,0.0,
HERD,2021,federal_rd_real_2017_thousands,908,883,25,0.02753303964757709,
HERD,2021,state_local_rd_real_2017_thousands,908,645,263,0.289647577092511,
HERD,2021,business_rd_real_2017_thousands,908,569,339,0.3733480176211454,
HERD,2021,nonprofit_rd_real_2017_thousands,908,737,171,0.1883259911894273,
HERD,2021,institution_rd_real_2017_thousands,908,816,92,0.1013215859030837,
HERD,2021,other_rd_real_2017_thousands,908,479,429,0.4724669603524229,
HERD,2021,total_rd_real_2017_thousands_change,908,898,10,0.011013215859030838,
HERD,2022,total_rd_nominal_thousands,900,900,0,0.0,
HERD,2022,federal_rd_nominal_thousands,900,878,22,0.024444444444444446,
HERD,2022,state_local_rd_nominal_thousands,900,645,255,0.2833333333333333,
HERD,2022,business_rd_nominal_thousands,900,566,334,0.3711111111111111,
HERD,2022,nonprofit_rd_nominal_thousands,900,732,168,0.18666666666666668,
HERD,2022,institution_rd_nominal_thousands,900,806,94,0.10444444444444445,
HERD,2022,other_rd_nominal_thousands,900,482,418,0.46444444444444444,
HERD,2022,gdp_implicit_price_deflator_2017_100,900,900,0,0.0,
HERD,2022,to_constant_2017_dollars,900,900,0,0.0,
HERD,2022,total_rd_real_2017_thousands,900,900,0,0.0,
HERD,2022,federal_rd_real_2017_thousands,900,878,22,0.024444444444444446,
HERD,2022,state_local_rd_real_2017_thousands,900,645,255,0.2833333333333333,
HERD,2022,business_rd_real_2017_thousands,900,566,334,0.3711111111111111,
HERD,2022,nonprofit_rd_real_2017_thousands,900,732,168,0.18666666666666668,
HERD,2022,institution_rd_real_2017_thousands,900,806,94,0.10444444444444445,
HERD,2022,other_rd_real_2017_thousands,900,482,418,0.46444444444444444,
HERD,2022,total_rd_real_2017_thousands_change,900,888,12,0.013333333333333334,
HERD,2023,total_rd_nominal_thousands,911,911,0,0.0,
HERD,2023,federal_rd_nominal_thousands,911,888,23,0.025246981339187707,
HERD,2023,state_local_rd_nominal_thousands,911,650,261,0.2864983534577388,
HERD,2023,business_rd_nominal_thousands,911,573,338,0.37102085620197583,
HERD,2023,nonprofit_rd_nominal_thousands,911,752,159,0.17453347969264543,
HERD,2023,institution_rd_nominal_thousands,911,817,94,0.10318331503841932,
HERD,2023,other_rd_nominal_thousands,911,505,406,0.4456641053787047,
HERD,2023,gdp_implicit_price_deflator_2017_100,911,911,0,0.0,
HERD,2023,to_constant_2017_dollars,911,911,0,0.0,
HERD,2023,total_rd_real_2017_thousands,911,911,0,0.0,
HERD,2023,federal_rd_real_2017_thousands,911,888,23,0.025246981339187707,
HERD,2023,state_local_rd_real_2017_thousands,911,650,261,0.2864983534577388,
HERD,2023,business_rd_real_2017_thousands,911,573,338,0.37102085620197583,
HERD,2023,nonprofit_rd_real_2017_thousands,911,752,159,0.17453347969264543,
HERD,2023,institution_rd_real_2017_thousands,911,817,94,0.10318331503841932,
HERD,2023,other_rd_real_2017_thousands,911,505,406,0.4456641053787047,
HERD,2023,total_rd_real_2017_thousands_change,911,899,12,0.013172338090010977,
HERD,2024,total_rd_nominal_thousands,925,925,0,0.0,
HERD,2024,federal_rd_nominal_thousands,925,899,26,0.02810810810810811,
HERD,2024,state_local_rd_nominal_thousands,925,659,266,0.2875675675675676,
HERD,2024,business_rd_nominal_thousands,925,554,371,0.4010810810810811,
HERD,2024,nonprofit_rd_nominal_thousands,925,762,163,0.17621621621621622,
HERD,2024,institution_rd_nominal_thousands,925,829,96,0.10378378378378378,
HERD,2024,other_rd_nominal_thousands,925,497,428,0.4627027027027027,
HERD,2024,gdp_implicit_price_deflator_2017_100,925,925,0,0.0,
HERD,2024,to_constant_2017_dollars,925,925,0,0.0,
HERD,2024,total_rd_real_2017_thousands,925,925,0,0.0,
HERD,2024,federal_rd_real_2017_thousands,925,899,26,0.02810810810810811,
HERD,2024,state_local_rd_real_2017_thousands,925,659,266,0.2875675675675676,
HERD,2024,business_rd_real_2017_thousands,925,554,371,0.4010810810810811,
HERD,2024,nonprofit_rd_real_2017_thousands,925,762,163,0.17621621621621622,
HERD,2024,institution_rd_real_2017_thousands,925,829,96,0.10378378378378378,
HERD,2024,other_rd_real_2017_thousands,925,497,428,0.4627027027027027,
HERD,2024,total_rd_real_2017_thousands_change,925,912,13,0.014054054054054054,
IPEDS,2008,control,7126,7126,0,0.0,
IPEDS,2008,degree_granting,7126,7126,0,0.0,
IPEDS,2008,graduate_offering,7126,7126,0,0.0,
IPEDS,2008,highest_degree_offered,7126,7126,0,0.0,
IPEDS,2008,has_hospital,7126,7126,0,0.0,
IPEDS,2008,grants_medical_degree,7126,7126,0,0.0,
IPEDS,2008,carnegie_basic_2005_or_2021,7126,7126,0,0.0,
IPEDS,2008,carnegie_2000,7126,7126,0,0.0,
IPEDS,2008,total_enrollment,7126,6886,240,0.03367948358125175,
IPEDS,2008,graduate_enrollment,7126,1968,5158,0.7238282346337356,
IPEDS,2008,full_time_instruction_research_staff,7126,6695,431,0.06048273926466461,
IPEDS,2008,full_time_instruction_research_faculty,7126,4407,2719,0.3815604827392647,
IPEDS,2008,full_time_tenured_or_tenure_track_ir_staff,7126,2310,4816,0.6758349705304518,
IPEDS,2008,full_time_primarily_research_staff,7126,383,6743,0.9462531574515858,
IPEDS,2008,total_revenue_nominal,7126,3821,3305,0.4637945551501544,
IPEDS,2008,tuition_revenue_nominal,7126,3821,3305,0.4637945551501544,
IPEDS,2008,federal_appropriations_nominal,7126,3821,3305,0.4637945551501544,
IPEDS,2008,state_appropriations_nominal,7126,3821,3305,0.4637945551501544,
IPEDS,2008,local_appropriations_nominal,7126,3821,3305,0.4637945551501544,
IPEDS,2008,research_expense_nominal,7126,3821,3305,0.4637945551501544,
IPEDS,2008,endowment_assets_end_nominal,7126,2746,4380,0.6146505753578445,
IPEDS,2008,graduate_assistants_total,7126,0,7126,1.0,
IPEDS,2008,graduate_assistants_teaching,7126,0,7126,1.0,
IPEDS,2008,graduate_assistants_research,7126,0,7126,1.0,
IPEDS,2009,control,7316,7316,0,0.0,
IPEDS,2009,degree_granting,7316,7316,0,0.0,
IPEDS,2009,graduate_offering,7316,7316,0,0.0,
IPEDS,2009,highest_degree_offered,7316,7316,0,0.0,
IPEDS,2009,has_hospital,7316,7316,0,0.0,
IPEDS,2009,grants_medical_degree,7316,7316,0,0.0,
IPEDS,2009,carnegie_basic_2005_or_2021,7316,7316,0,0.0,
IPEDS,2009,carnegie_2000,7316,7316,0,0.0,
IPEDS,2009,total_enrollment,7316,6990,326,0.04455986878075451,
IPEDS,2009,graduate_enrollment,7316,2036,5280,0.7217058501913614,
IPEDS,2009,full_time_instruction_research_staff,7316,6789,527,0.07203389830508475,
IPEDS,2009,full_time_instruction_research_faculty,7316,4509,2807,0.38367960634226356,
IPEDS,2009,full_time_tenured_or_tenure_track_ir_staff,7316,2301,5015,0.6854838709677419,
IPEDS,2009,full_time_primarily_research_staff,7316,371,6945,0.9492892290869327,
IPEDS,2009,total_revenue_nominal,7316,3844,3472,0.4745762711864407,
IPEDS,2009,tuition_revenue_nominal,7316,3844,3472,0.4745762711864407,
IPEDS,2009,federal_appropriations_nominal,7316,3844,3472,0.4745762711864407,
IPEDS,2009,state_appropriations_nominal,7316,3844,3472,0.4745762711864407,
IPEDS,2009,local_appropriations_nominal,7316,3844,3472,0.4745762711864407,
IPEDS,2009,research_expense_nominal,7316,3844,3472,0.4745762711864407,
IPEDS,2009,endowment_assets_end_nominal,7316,2731,4585,0.6267085839256424,
IPEDS,2009,graduate_assistants_total,7316,0,7316,1.0,
IPEDS,2009,graduate_assistants_teaching,7316,0,7316,1.0,
IPEDS,2009,graduate_assistants_research,7316,0,7316,1.0,
IPEDS,2010,control,7503,7503,0,0.0,
IPEDS,2010,degree_granting,7503,7503,0,0.0,
IPEDS,2010,graduate_offering,7503,7503,0,0.0,
IPEDS,2010,highest_degree_offered,7503,7503,0,0.0,
IPEDS,2010,has_hospital,7503,7503,0,0.0,
IPEDS,2010,grants_medical_degree,7503,7503,0,0.0,
IPEDS,2010,carnegie_basic_2005_or_2021,7503,7503,0,0.0,
IPEDS,2010,carnegie_2000,7503,7503,0,0.0,
IPEDS,2010,total_enrollment,7503,7246,257,0.034252965480474476,
IPEDS,2010,graduate_enrollment,7503,2093,5410,0.7210449153671865,
IPEDS,2010,full_time_instruction_research_staff,7503,7072,431,0.05744368919099027,
IPEDS,2010,full_time_instruction_research_faculty,7503,4608,2895,0.3858456617353059,
IPEDS,2010,full_time_tenured_or_tenure_track_ir_staff,7503,2284,5219,0.695588431294149,
IPEDS,2010,full_time_primarily_research_staff,7503,379,7124,0.9494868719178995,
IPEDS,2010,total_revenue_nominal,7503,3553,3950,0.5264560842329735,
IPEDS,2010,tuition_revenue_nominal,7503,3874,3629,0.4836731973877116,
IPEDS,2010,federal_appropriations_nominal,7503,3874,3629,0.4836731973877116,
IPEDS,2010,state_appropriations_nominal,7503,3874,3629,0.4836731973877116,
IPEDS,2010,local_appropriations_nominal,7503,3874,3629,0.4836731973877116,
IPEDS,2010,research_expense_nominal,7503,3874,3629,0.4836731973877116,
IPEDS,2010,endowment_assets_end_nominal,7503,2721,4782,0.6373450619752099,
IPEDS,2010,graduate_assistants_total,7503,0,7503,1.0,
IPEDS,2010,graduate_assistants_teaching,7503,0,7503,1.0,
IPEDS,2010,graduate_assistants_research,7503,0,7503,1.0,
IPEDS,2011,control,7643,7643,0,0.0,
IPEDS,2011,degree_granting,7643,7643,0,0.0,
IPEDS,2011,graduate_offering,7643,7643,0,0.0,
IPEDS,2011,highest_degree_offered,7643,7643,0,0.0,
IPEDS,2011,has_hospital,7643,7643,0,0.0,
IPEDS,2011,grants_medical_degree,7643,7643,0,0.0,
IPEDS,2011,carnegie_basic_2005_or_2021,7643,7643,0,0.0,
IPEDS,2011,carnegie_2000,7643,7643,0,0.0,
IPEDS,2011,total_enrollment,7643,7465,178,0.02328928431244276,
IPEDS,2011,graduate_enrollment,7643,2122,5521,0.7223603297134633,
IPEDS,2011,full_time_instruction_research_staff,7643,7242,401,0.05246630904095251,
IPEDS,2011,full_time_instruction_research_faculty,7643,4432,3211,0.42012298835535783,
IPEDS,2011,full_time_tenured_or_tenure_track_ir_staff,7643,2259,5384,0.7044354311134371,
IPEDS,2011,full_time_primarily_research_staff,7643,413,7230,0.9459636268480963,
IPEDS,2011,total_revenue_nominal,7643,3434,4209,0.5506999869161324,
IPEDS,2011,tuition_revenue_nominal,7643,3906,3737,0.4889441318853853,
IPEDS,2011,federal_appropriations_nominal,7643,3906,3737,0.4889441318853853,
IPEDS,2011,state_appropriations_nominal,7643,3906,3737,0.4889441318853853,
IPEDS,2011,local_appropriations_nominal,7643,3906,3737,0.4889441318853853,
IPEDS,2011,research_expense_nominal,7643,3906,3737,0.4889441318853853,
IPEDS,2011,endowment_assets_end_nominal,7643,2646,4997,0.653800863535261,
IPEDS,2011,graduate_assistants_total,7643,0,7643,1.0,
IPEDS,2011,graduate_assistants_teaching,7643,0,7643,1.0,
IPEDS,2011,graduate_assistants_research,7643,0,7643,1.0,
IPEDS,2012,control,7735,7735,0,0.0,
IPEDS,2012,degree_granting,7735,7735,0,0.0,
IPEDS,2012,graduate_offering,7735,7735,0,0.0,
IPEDS,2012,highest_degree_offered,7735,7735,0,0.0,
IPEDS,2012,has_hospital,7735,7735,0,0.0,
IPEDS,2012,grants_medical_degree,7735,7735,0,0.0,
IPEDS,2012,carnegie_basic_2005_or_2021,7735,7735,0,0.0,
IPEDS,2012,carnegie_2000,7735,7735,0,0.0,
IPEDS,2012,total_enrollment,7735,7505,230,0.029734970911441498,
IPEDS,2012,graduate_enrollment,7735,2148,5587,0.7223012281835811,
IPEDS,2012,full_time_instruction_research_staff,7735,7450,285,0.03684550743374273,
IPEDS,2012,full_time_instruction_research_faculty,7735,4171,3564,0.46076276664511956,
IPEDS,2012,full_time_tenured_or_tenure_track_ir_staff,7735,2069,5666,0.7325145442792501,
IPEDS,2012,full_time_primarily_research_staff,7735,506,7229,0.9345830639948287,
IPEDS,2012,total_revenue_nominal,7735,3407,4328,0.5595345830639948,
IPEDS,2012,tuition_revenue_nominal,7735,3882,3853,0.49812540400775696,
IPEDS,2012,federal_appropriations_nominal,7735,3882,3853,0.49812540400775696,
IPEDS,2012,state_appropriations_nominal,7735,3882,3853,0.49812540400775696,
IPEDS,2012,local_appropriations_nominal,7735,3882,3853,0.49812540400775696,
IPEDS,2012,research_expense_nominal,7735,3882,3853,0.49812540400775696,
IPEDS,2012,endowment_assets_end_nominal,7735,2650,5085,0.6574014221073045,
IPEDS,2012,graduate_assistants_total,7735,987,6748,0.8723981900452489,
IPEDS,2012,graduate_assistants_teaching,7735,666,7069,0.9138978668390433,
IPEDS,2012,graduate_assistants_research,7735,487,7248,0.9370394311570782,
IPEDS,2013,control,7764,7764,0,0.0,
IPEDS,2013,degree_granting,7764,7764,0,0.0,
IPEDS,2013,graduate_offering,7764,7764,0,0.0,
IPEDS,2013,highest_degree_offered,7764,7764,0,0.0,
IPEDS,2013,has_hospital,7764,7764,0,0.0,
IPEDS,2013,grants_medical_degree,7764,7764,0,0.0,
IPEDS,2013,carnegie_basic_2005_or_2021,7764,7764,0,0.0,
IPEDS,2013,carnegie_2000,7764,7764,0,0.0,
IPEDS,2013,total_enrollment,7764,7463,301,0.03876867594023699,
IPEDS,2013,graduate_enrollment,7764,2168,5596,0.7207624935600206,
IPEDS,2013,full_time_instruction_research_staff,7764,7413,351,0.045208655332302936,
IPEDS,2013,full_time_instruction_research_faculty,7764,4159,3605,0.46432251416795467,
IPEDS,2013,full_time_tenured_or_tenure_track_ir_staff,7764,2072,5692,0.7331272539927872,
IPEDS,2013,full_time_primarily_research_staff,7764,579,7185,0.9254250386398764,
IPEDS,2013,total_revenue_nominal,7764,3415,4349,0.5601494075218959,
IPEDS,2013,tuition_revenue_nominal,7764,3885,3879,0.499613601236476,
IPEDS,2013,federal_appropriations_nominal,7764,3885,3879,0.499613601236476,
IPEDS,2013,state_appropriations_nominal,7764,3885,3879,0.499613601236476,
IPEDS,2013,local_appropriations_nominal,7764,3885,3879,0.499613601236476,
IPEDS,2013,research_expense_nominal,7764,3885,3879,0.499613601236476,
IPEDS,2013,endowment_assets_end_nominal,7764,2656,5108,0.657908294693457,
IPEDS,2013,graduate_assistants_total,7764,1005,6759,0.8705564142194745,
IPEDS,2013,graduate_assistants_teaching,7764,668,7096,0.913961875321999,
IPEDS,2013,graduate_assistants_research,7764,499,7265,0.9357290056671819,
IPEDS,2014,control,7687,7687,0,0.0,
IPEDS,2014,degree_granting,7687,7687,0,0.0,
IPEDS,2014,graduate_offering,7687,7687,0,0.0,
IPEDS,2014,highest_degree_offered,7687,7687,0,0.0,
IPEDS,2014,has_hospital,7687,7687,0,0.0,
IPEDS,2014,grants_medical_degree,7687,7687,0,0.0,
IPEDS,2014,carnegie_basic_2005_or_2021,7687,7687,0,0.0,
IPEDS,2014,carnegie_2000,7687,7687,0,0.0,
IPEDS,2014,total_enrollment,7687,7360,327,0.04253935215298556,
IPEDS,2014,graduate_enrollment,7687,2135,5552,0.7222583582672044,
IPEDS,2014,full_time_instruction_research_staff,7687,7309,378,0.04917393001170808,
IPEDS,2014,full_time_instruction_research_faculty,7687,4080,3607,0.4692337713021985,
IPEDS,2014,full_time_tenured_or_tenure_track_ir_staff,7687,2054,5633,0.732795628983999,
IPEDS,2014,full_time_primarily_research_staff,7687,621,7066,0.9192142578379081,
IPEDS,2014,total_revenue_nominal,7687,3405,4282,0.5570443606088201,
IPEDS,2014,tuition_revenue_nominal,7687,3871,3816,0.49642253154676724,
IPEDS,2014,federal_appropriations_nominal,7687,3871,3816,0.49642253154676724,
IPEDS,2014,state_appropriations_nominal,7687,3871,3816,0.49642253154676724,
IPEDS,2014,local_appropriations_nominal,7687,3871,3816,0.49642253154676724,
IPEDS,2014,research_expense_nominal,7687,3871,3816,0.49642253154676724,
IPEDS,2014,endowment_assets_end_nominal,7687,2660,5027,0.6539612332509431,
IPEDS,2014,graduate_assistants_total,7687,973,6714,0.8734226616365292,
IPEDS,2014,graduate_assistants_teaching,7687,660,7027,0.9141407571224145,
IPEDS,2014,graduate_assistants_research,7687,497,7190,0.9353453883179393,
IPEDS,2015,control,7647,7647,0,0.0,
IPEDS,2015,degree_granting,7647,7647,0,0.0,
IPEDS,2015,graduate_offering,7647,7647,0,0.0,
IPEDS,2015,highest_degree_offered,7647,7647,0,0.0,
IPEDS,2015,has_hospital,7647,7647,0,0.0,
IPEDS,2015,grants_medical_degree,7647,7647,0,0.0,
IPEDS,2015,carnegie_basic_2005_or_2021,7647,7647,0,0.0,
IPEDS,2015,carnegie_2000,7647,7647,0,0.0,
IPEDS,2015,total_enrollment,7647,7229,418,0.054661958938145676,
IPEDS,2015,graduate_enrollment,7647,2134,5513,0.72093631489473,
IPEDS,2015,full_time_instruction_research_staff,7647,7182,465,0.06080816006276971,
IPEDS,2015,full_time_instruction_research_faculty,7647,3974,3673,0.48031907937753365,
IPEDS,2015,full_time_tenured_or_tenure_track_ir_staff,7647,2050,5597,0.7319210147770367,
IPEDS,2015,full_time_primarily_research_staff,7647,639,7008,0.9164378187524519,
IPEDS,2015,total_revenue_nominal,7647,3440,4207,0.5501503857721982,
IPEDS,2015,tuition_revenue_nominal,7647,3908,3739,0.48894991499934615,
IPEDS,2015,federal_appropriations_nominal,7647,3908,3739,0.48894991499934615,
IPEDS,2015,state_appropriations_nominal,7647,3908,3739,0.48894991499934615,
IPEDS,2015,local_appropriations_nominal,7647,3908,3739,0.48894991499934615,
IPEDS,2015,research_expense_nominal,7647,3908,3739,0.48894991499934615,
IPEDS,2015,endowment_assets_end_nominal,7647,2650,4997,0.6534588727605597,
IPEDS,2015,graduate_assistants_total,7647,990,6657,0.8705374656728129,
IPEDS,2015,graduate_assistants_teaching,7647,657,6990,0.9140839544919577,
IPEDS,2015,graduate_assistants_research,7647,499,7148,0.9347456518896299,
IPEDS,2016,control,7521,7521,0,0.0,
IPEDS,2016,degree_granting,7521,7521,0,0.0,
IPEDS,2016,graduate_offering,7521,7521,0,0.0,
IPEDS,2016,highest_degree_offered,7521,7521,0,0.0,
IPEDS,2016,has_hospital,7521,7521,0,0.0,
IPEDS,2016,grants_medical_degree,7521,7521,0,0.0,
IPEDS,2016,carnegie_basic_2005_or_2021,7521,7521,0,0.0,
IPEDS,2016,carnegie_2000,7521,7521,0,0.0,
IPEDS,2016,total_enrollment,7521,6820,701,0.09320569073261534,
IPEDS,2016,graduate_enrollment,7521,2128,5393,0.7170589017417897,
IPEDS,2016,full_time_instruction_research_staff,7521,6775,746,0.09918893764127111,
IPEDS,2016,full_time_instruction_research_faculty,7521,3794,3727,0.49554580507911183,
IPEDS,2016,full_time_tenured_or_tenure_track_ir_staff,7521,2039,5482,0.7288924345166866,
IPEDS,2016,full_time_primarily_research_staff,7521,647,6874,0.9139742055577715,
IPEDS,2016,total_revenue_nominal,7521,3407,4114,0.5470017284935514,
IPEDS,2016,tuition_revenue_nominal,7521,3874,3647,0.484908921685946,
IPEDS,2016,federal_appropriations_nominal,7521,3874,3647,0.484908921685946,
IPEDS,2016,state_appropriations_nominal,7521,3874,3647,0.484908921685946,
IPEDS,2016,local_appropriations_nominal,7521,3874,3647,0.484908921685946,
IPEDS,2016,research_expense_nominal,7521,3874,3647,0.484908921685946,
IPEDS,2016,endowment_assets_end_nominal,7521,2664,4857,0.6457917830075788,
IPEDS,2016,graduate_assistants_total,7521,995,6526,0.8677037627975003,
IPEDS,2016,graduate_assistants_teaching,7521,665,6856,0.9115809067943093,
IPEDS,2016,graduate_assistants_research,7521,479,7042,0.9363116606834198,
IPEDS,2017,control,7153,7153,0,0.0,
IPEDS,2017,degree_granting,7153,7153,0,0.0,
IPEDS,2017,graduate_offering,7153,7153,0,0.0,
IPEDS,2017,highest_degree_offered,7153,7153,0,0.0,
IPEDS,2017,has_hospital,7153,7153,0,0.0,
IPEDS,2017,grants_medical_degree,7153,7153,0,0.0,
IPEDS,2017,carnegie_basic_2005_or_2021,7153,7153,0,0.0,
IPEDS,2017,carnegie_2000,7153,7153,0,0.0,
IPEDS,2017,total_enrollment,7153,6676,477,0.06668530686425277,
IPEDS,2017,graduate_enrollment,7153,2126,5027,0.7027820494897246,
IPEDS,2017,full_time_instruction_research_staff,7153,6632,521,0.07283657206766392,
IPEDS,2017,full_time_instruction_research_faculty,7153,3743,3410,0.4767230532643646,
IPEDS,2017,full_time_tenured_or_tenure_track_ir_staff,7153,2028,5125,0.716482594715504,
IPEDS,2017,full_time_primarily_research_staff,7153,647,6506,0.9095484412134769,
IPEDS,2017,total_revenue_nominal,7153,3399,3754,0.5248147630364882,
IPEDS,2017,tuition_revenue_nominal,7153,3862,3291,0.46008667691877536,
IPEDS,2017,federal_appropriations_nominal,7153,3862,3291,0.46008667691877536,
IPEDS,2017,state_appropriations_nominal,7153,3862,3291,0.46008667691877536,
IPEDS,2017,local_appropriations_nominal,7153,3862,3291,0.46008667691877536,
IPEDS,2017,research_expense_nominal,7153,3862,3291,0.46008667691877536,
IPEDS,2017,endowment_assets_end_nominal,7153,2670,4483,0.6267300433384594,
IPEDS,2017,graduate_assistants_total,7153,1017,6136,0.8578218929120649,
IPEDS,2017,graduate_assistants_teaching,7153,671,6482,0.9061932056479799,
IPEDS,2017,graduate_assistants_research,7153,492,6661,0.9312176709073117,
IPEDS,2018,control,6857,6857,0,0.0,
IPEDS,2018,degree_granting,6857,6857,0,0.0,
IPEDS,2018,graduate_offering,6857,6857,0,0.0,
IPEDS,2018,highest_degree_offered,6857,6857,0,0.0,
IPEDS,2018,has_hospital,6857,6857,0,0.0,
IPEDS,2018,grants_medical_degree,6857,6857,0,0.0,
IPEDS,2018,carnegie_basic_2005_or_2021,6857,6857,0,0.0,
IPEDS,2018,carnegie_2000,6857,6857,0,0.0,
IPEDS,2018,total_enrollment,6857,6354,503,0.07335569491031063,
IPEDS,2018,graduate_enrollment,6857,2087,4770,0.6956394924894269,
IPEDS,2018,full_time_instruction_research_staff,6857,6308,549,0.08006416800350007,
IPEDS,2018,full_time_instruction_research_faculty,6857,3631,3226,0.47046813475280735,
IPEDS,2018,full_time_tenured_or_tenure_track_ir_staff,6857,2006,4851,0.707452238588304,
IPEDS,2018,full_time_primarily_research_staff,6857,643,6214,0.9062272130669389,
IPEDS,2018,total_revenue_nominal,6857,3360,3497,0.5099897914539886,
IPEDS,2018,tuition_revenue_nominal,6857,3813,3044,0.4439259151232317,
IPEDS,2018,federal_appropriations_nominal,6857,3813,3044,0.4439259151232317,
IPEDS,2018,state_appropriations_nominal,6857,3813,3044,0.4439259151232317,
IPEDS,2018,local_appropriations_nominal,6857,3813,3044,0.4439259151232317,
IPEDS,2018,research_expense_nominal,6857,3813,3044,0.4439259151232317,
IPEDS,2018,endowment_assets_end_nominal,6857,2695,4162,0.6069709785620534,
IPEDS,2018,graduate_assistants_total,6857,1023,5834,0.8508093918623305,
IPEDS,2018,graduate_assistants_teaching,6857,657,6200,0.9041855038646639,
IPEDS,2018,graduate_assistants_research,6857,497,6360,0.9275193233192358,
IPEDS,2019,control,6559,6559,0,0.0,
IPEDS,2019,degree_granting,6559,6559,0,0.0,
IPEDS,2019,graduate_offering,6559,6559,0,0.0,
IPEDS,2019,highest_degree_offered,6559,6559,0,0.0,
IPEDS,2019,has_hospital,6559,6559,0,0.0,
IPEDS,2019,grants_medical_degree,6559,6559,0,0.0,
IPEDS,2019,carnegie_basic_2005_or_2021,6559,6559,0,0.0,
IPEDS,2019,carnegie_2000,6559,6559,0,0.0,
IPEDS,2019,total_enrollment,6559,6179,380,0.05793566092392133,
IPEDS,2019,graduate_enrollment,6559,2060,4499,0.6859277328861106,
IPEDS,2019,full_time_instruction_research_staff,6559,6125,434,0.06616862326574173,
IPEDS,2019,full_time_instruction_research_faculty,6559,3571,2988,0.4555572495807288,
IPEDS,2019,full_time_tenured_or_tenure_track_ir_staff,6559,1979,4580,0.6982771763988412,
IPEDS,2019,full_time_primarily_research_staff,6559,641,5918,0.9022716877572801,
IPEDS,2019,total_revenue_nominal,6559,3348,3211,0.48955633480713523,
IPEDS,2019,tuition_revenue_nominal,6559,3797,2762,0.4211007775575545,
IPEDS,2019,federal_appropriations_nominal,6559,3797,2762,0.4211007775575545,
IPEDS,2019,state_appropriations_nominal,6559,3797,2762,0.4211007775575545,
IPEDS,2019,local_appropriations_nominal,6559,3797,2762,0.4211007775575545,
IPEDS,2019,research_expense_nominal,6559,3797,2762,0.4211007775575545,
IPEDS,2019,endowment_assets_end_nominal,6559,2694,3865,0.5892666565025156,
IPEDS,2019,graduate_assistants_total,6559,1033,5526,0.8425064796462876,
IPEDS,2019,graduate_assistants_teaching,6559,655,5904,0.9001372160390303,
IPEDS,2019,graduate_assistants_research,6559,498,6061,0.9240737917365452,
IPEDS,2020,control,6440,6440,0,0.0,
IPEDS,2020,degree_granting,6440,6440,0,0.0,
IPEDS,2020,graduate_offering,6440,6440,0,0.0,
IPEDS,2020,highest_degree_offered,6440,6440,0,0.0,
IPEDS,2020,has_hospital,6440,6440,0,0.0,
IPEDS,2020,grants_medical_degree,6440,6440,0,0.0,
IPEDS,2020,carnegie_basic_2005_or_2021,6440,6440,0,0.0,
IPEDS,2020,carnegie_2000,6440,6440,0,0.0,
IPEDS,2020,total_enrollment,6440,6129,311,0.048291925465838506,
IPEDS,2020,graduate_enrollment,6440,2049,4391,0.6818322981366459,
IPEDS,2020,full_time_instruction_research_staff,6440,6050,390,0.06055900621118013,
IPEDS,2020,full_time_instruction_research_faculty,6440,3515,2925,0.45419254658385094,
IPEDS,2020,full_time_tenured_or_tenure_track_ir_staff,6440,1952,4488,0.6968944099378882,
IPEDS,2020,full_time_primarily_research_staff,6440,665,5775,0.8967391304347826,
IPEDS,2020,total_revenue_nominal,6440,3320,3120,0.484472049689441,
IPEDS,2020,tuition_revenue_nominal,6440,3768,2672,0.41490683229813663,
IPEDS,2020,federal_appropriations_nominal,6440,3768,2672,0.41490683229813663,
IPEDS,2020,state_appropriations_nominal,6440,3768,2672,0.41490683229813663,
IPEDS,2020,local_appropriations_nominal,6440,3768,2672,0.41490683229813663,
IPEDS,2020,research_expense_nominal,6440,3768,2672,0.41490683229813663,
IPEDS,2020,endowment_assets_end_nominal,6440,2693,3747,0.5818322981366459,
IPEDS,2020,graduate_assistants_total,6440,1001,5439,0.8445652173913043,
IPEDS,2020,graduate_assistants_teaching,6440,633,5807,0.9017080745341615,
IPEDS,2020,graduate_assistants_research,6440,478,5962,0.925776397515528,
IPEDS,2021,control,6289,6289,0,0.0,
IPEDS,2021,degree_granting,6289,6289,0,0.0,
IPEDS,2021,graduate_offering,6289,6289,0,0.0,
IPEDS,2021,highest_degree_offered,6289,6289,0,0.0,
IPEDS,2021,has_hospital,6289,6289,0,0.0,
IPEDS,2021,grants_medical_degree,6289,6289,0,0.0,
IPEDS,2021,carnegie_basic_2005_or_2021,6289,6289,0,0.0,
IPEDS,2021,carnegie_2000,6289,6289,0,0.0,
IPEDS,2021,total_enrollment,6289,6050,239,0.03800286214024487,
IPEDS,2021,graduate_enrollment,6289,2059,4230,0.6726029575449197,
IPEDS,2021,full_time_instruction_research_staff,6289,5975,314,0.0499284464938782,
IPEDS,2021,full_time_instruction_research_faculty,6289,3488,2801,0.44538082366035936,
IPEDS,2021,full_time_tenured_or_tenure_track_ir_staff,6289,1944,4345,0.6908888535538241,
IPEDS,2021,full_time_primarily_research_staff,6289,662,5627,0.8947368421052632,
IPEDS,2021,total_revenue_nominal,6289,3308,2981,0.4740022261090793,
IPEDS,2021,tuition_revenue_nominal,6289,3751,2538,0.4035617745269518,
IPEDS,2021,federal_appropriations_nominal,6289,3751,2538,0.4035617745269518,
IPEDS,2021,state_appropriations_nominal,6289,3751,2538,0.4035617745269518,
IPEDS,2021,local_appropriations_nominal,6289,3751,2538,0.4035617745269518,
IPEDS,2021,research_expense_nominal,6289,3751,2538,0.4035617745269518,
IPEDS,2021,endowment_assets_end_nominal,6289,2691,3598,0.5721100333916362,
IPEDS,2021,graduate_assistants_total,6289,1022,5267,0.8374940372078232,
IPEDS,2021,graduate_assistants_teaching,6289,644,5645,0.8975989823501351,
IPEDS,2021,graduate_assistants_research,6289,490,5799,0.9220861822229289,
IPEDS,2022,control,6256,6256,0,0.0,
IPEDS,2022,degree_granting,6256,6256,0,0.0,
IPEDS,2022,graduate_offering,6256,6256,0,0.0,
IPEDS,2022,highest_degree_offered,6256,6256,0,0.0,
IPEDS,2022,has_hospital,6256,6256,0,0.0,
IPEDS,2022,grants_medical_degree,6256,6256,0,0.0,
IPEDS,2022,carnegie_basic_2005_or_2021,6256,6256,0,0.0,
IPEDS,2022,carnegie_2000,6256,6256,0,0.0,
IPEDS,2022,total_enrollment,6256,5978,278,0.04443734015345269,
IPEDS,2022,graduate_enrollment,6256,2048,4208,0.6726342710997443,
IPEDS,2022,full_time_instruction_research_staff,6256,5907,349,0.055786445012787726,
IPEDS,2022,full_time_instruction_research_faculty,6256,3510,2746,0.4389386189258312,
IPEDS,2022,full_time_tenured_or_tenure_track_ir_staff,6256,1952,4304,0.6879795396419437,
IPEDS,2022,full_time_primarily_research_staff,6256,685,5571,0.890505115089514,
IPEDS,2022,total_revenue_nominal,6256,3281,2975,0.47554347826086957,
IPEDS,2022,tuition_revenue_nominal,6256,3718,2538,0.40569053708439895,
IPEDS,2022,federal_appropriations_nominal,6256,3718,2538,0.40569053708439895,
IPEDS,2022,state_appropriations_nominal,6256,3718,2538,0.40569053708439895,
IPEDS,2022,local_appropriations_nominal,6256,3718,2538,0.40569053708439895,
IPEDS,2022,research_expense_nominal,6256,3718,2538,0.40569053708439895,
IPEDS,2022,endowment_assets_end_nominal,6256,2665,3591,0.5740089514066496,
IPEDS,2022,graduate_assistants_total,6256,1045,5211,0.832960358056266,
IPEDS,2022,graduate_assistants_teaching,6256,657,5599,0.8949808184143222,
IPEDS,2022,graduate_assistants_research,6256,493,5763,0.9211956521739131,
IPEDS,2023,control,6163,6163,0,0.0,
IPEDS,2023,degree_granting,6163,6163,0,0.0,
IPEDS,2023,graduate_offering,6163,6163,0,0.0,
IPEDS,2023,highest_degree_offered,6163,6163,0,0.0,
IPEDS,2023,has_hospital,6163,6163,0,0.0,
IPEDS,2023,grants_medical_degree,6163,6163,0,0.0,
IPEDS,2023,carnegie_basic_2005_or_2021,6163,6163,0,0.0,
IPEDS,2023,carnegie_2000,6163,6163,0,0.0,
IPEDS,2023,total_enrollment,6163,5913,250,0.04056466006814863,
IPEDS,2023,graduate_enrollment,6163,2048,4115,0.6676943047217264,
IPEDS,2023,full_time_instruction_research_staff,6163,5651,512,0.0830764238195684,
IPEDS,2023,full_time_instruction_research_faculty,6163,3453,2710,0.4397209151387311,
IPEDS,2023,full_time_tenured_or_tenure_track_ir_staff,6163,1929,4234,0.6870030829141652,
IPEDS,2023,full_time_primarily_research_staff,6163,608,5555,0.9013467467142625,
IPEDS,2023,total_revenue_nominal,6163,3253,2910,0.47217264319325003,
IPEDS,2023,tuition_revenue_nominal,6163,3682,2481,0.402563686516307,
IPEDS,2023,federal_appropriations_nominal,6163,3682,2481,0.402563686516307,
IPEDS,2023,state_appropriations_nominal,6163,3682,2481,0.402563686516307,
IPEDS,2023,local_appropriations_nominal,6163,3682,2481,0.402563686516307,
IPEDS,2023,research_expense_nominal,6163,3682,2481,0.402563686516307,
IPEDS,2023,endowment_assets_end_nominal,6163,2646,3517,0.5706636378387149,
IPEDS,2023,graduate_assistants_total,6163,1046,5117,0.8302774622748661,
IPEDS,2023,graduate_assistants_teaching,6163,635,5528,0.8969657634269025,
IPEDS,2023,graduate_assistants_research,6163,494,5669,0.9198442317053384,
