source,source_organization,source_url,file_name,release_year,retrieved_at_utc,file_size_bytes,sha256,upstream_checksum,license_access_notes,documentation_url
bea_gdp_deflator,"U.S. Department of Commerce, Bureau of Economic Analysis",https://apps.bea.gov/national/Release/TXT/FlatFiles.ZIP,FlatFiles.ZIP,2026,2026-08-26T13:39:27+00:00,19820101,c996e0a7687eb8c471393aab6ab44cda085c8fe18261dd119ecc563b86d8e33d,,"Public U.S. federal statistical data. NIPA table 1.1.9, GDP implicit price deflator.",https://www.bea.gov/data/prices-inflation/gdp-price-deflator
gss,NSF National Center for Science and Engineering Statistics,https://ncses.nsf.gov/826/assets/0/files/graduate_students_postdocs_2008.zip,graduate_students_postdocs_2008.zip,2008,2026-08-26T13:00:02+00:00,6451893,fd91136ba53dfcdbbdf75fad9bd6ccd5559e4566ed9f38c3fa106366a6fc59d0,,Public-use institution/unit count data; NCSES states public-use files contain no individually identifiable information.,https://ncses.nsf.gov/826/assets/0/files/gss-2024-puf-user-guide.pdf
gss,NSF National Center for Science and Engineering Statistics,https://ncses.nsf.gov/826/assets/0/files/graduate_students_postdocs_2009.zip,graduate_students_postdocs_2009.zip,2009,2026-08-26T13:00:03+00:00,6555152,25337375e1514720c8360f58d6e19a034e0e22dc487d4ba865dd574e2b173333,,Public-use institution/unit count data; NCSES states public-use files contain no individually identifiable information.,https://ncses.nsf.gov/826/assets/0/files/gss-2024-puf-user-guide.pdf
gss,NSF National Center for Science and Engineering Statistics,https://ncses.nsf.gov/826/assets/0/files/graduate_students_postdocs_2010.zip,graduate_students_postdocs_2010.zip,2010,2026-08-26T13:00:06+00:00,7704149,c11c6b80bc71129d7868612d57fd5267ab60ac9a770c0fcdf5746179b78fcba0,,Public-use institution/unit count data; NCSES states public-use files contain no individually identifiable information.,https://ncses.nsf.gov/826/assets/0/files/gss-2024-puf-user-guide.pdf
gss,NSF National Center for Science and Engineering Statistics,https://ncses.nsf.gov/826/assets/0/files/graduate_students_postdocs_2011.zip,graduate_students_postdocs_2011.zip,2011,2026-08-26T13:00:07+00:00,7694738,6019fd57764390d50765a92c1b14cd558bf7c0e975415bb1bad605f352c56ceb,,Public-use institution/unit count data; NCSES states public-use files contain no individually identifiable information.,https://ncses.nsf.gov/826/assets/0/files/gss-2024-puf-user-guide.pdf
gss,NSF National Center for Science and Engineering Statistics,https://ncses.nsf.gov/826/assets/0/files/graduate_students_postdocs_2012.zip,graduate_students_postdocs_2012.zip,2012,2026-08-26T13:00:09+00:00,7759507,7b393a89d2dda6e3b4d2ef4703bf65b560909036c9d96cc7a0ff5e2490a8709d,,Public-use institution/unit count data; NCSES states public-use files contain no individually identifiable information.,https://ncses.nsf.gov/826/assets/0/files/gss-2024-puf-user-guide.pdf
gss,NSF National Center for Science and Engineering Statistics,https://ncses.nsf.gov/826/assets/0/files/graduate_students_postdocs_2013.zip,graduate_students_postdocs_2013.zip,2013,2026-08-26T13:00:11+00:00,7774268,f35322070e0842acd0f56e09005989482369731b757138797bbc0a1148bd1e8d,,Public-use institution/unit count data; NCSES states public-use files contain no individually identifiable information.,https://ncses.nsf.gov/826/assets/0/files/gss-2024-puf-user-guide.pdf
gss,NSF National Center for Science and Engineering Statistics,https://ncses.nsf.gov/826/assets/0/files/graduate_students_postdocs_2014.zip,graduate_students_postdocs_2014.zip,2014,2026-08-26T13:00:12+00:00,8087285,b9df8b83a62c83b9be6ac88eb0f22aca020e080754ab40c36b78b16ed7d4ba85,,Public-use institution/unit count data; NCSES states public-use files contain no individually identifiable information.,https://ncses.nsf.gov/826/assets/0/files/gss-2024-puf-user-guide.pdf
gss,NSF National Center for Science and Engineering Statistics,https://ncses.nsf.gov/826/assets/0/files/graduate_students_postdocs_2015.zip,graduate_students_postdocs_2015.zip,2015,2026-08-26T13:00:14+00:00,8192244,2f8d84d5efe57cb19dc448708babf1dc0f22f4d54528005da3b7c23bef854f24,,Public-use institution/unit count data; NCSES states public-use files contain no individually identifiable information.,https://ncses.nsf.gov/826/assets/0/files/gss-2024-puf-user-guide.pdf
gss,NSF National Center for Science and Engineering Statistics,https://ncses.nsf.gov/826/assets/0/files/graduate_students_postdocs_2016.zip,graduate_students_postdocs_2016.zip,2016,2026-08-26T13:00:16+00:00,13607574,a968662492dd75bf4d67aa9d29390401bcad6ce48fe50416977ce442885a4c60,,Public-use institution/unit count data; NCSES states public-use files contain no individually identifiable information.,https://ncses.nsf.gov/826/assets/0/files/gss-2024-puf-user-guide.pdf
gss,NSF National Center for Science and Engineering Statistics,https://ncses.nsf.gov/826/assets/0/files/graduate_students_postdocs_2017.zip,graduate_students_postdocs_2017.zip,2017,2026-08-26T13:00:21+00:00,24554018,1ef2407fb65d3d770281de1bd5d7510de3823e99d70f08e66ab9932c47b58bf0,,Public-use institution/unit count data; NCSES states public-use files contain no individually identifiable information.,https://ncses.nsf.gov/826/assets/0/files/gss-2024-puf-user-guide.pdf
gss,NSF National Center for Science and Engineering Statistics,https://ncses.nsf.gov/826/assets/0/files/graduate_students_postdocs_2018.zip,graduate_students_postdocs_2018.zip,2018,2026-08-26T13:00:25+00:00,25227651,d2704d1fe417fb6483664532b859c2dca3f91bc5de8555a034870dff4c077791,,Public-use institution/unit count data; NCSES states public-use files contain no individually identifiable information.,https://ncses.nsf.gov/826/assets/0/files/gss-2024-puf-user-guide.pdf
gss,NSF National Center for Science and Engineering Statistics,https://ncses.nsf.gov/826/assets/0/files/graduate_students_postdocs_2019.zip,graduate_students_postdocs_2019.zip,2019,2026-08-26T13:00:28+00:00,15393825,555e6cc047fc08cae8089daa3169c3f113645817a49f99ac103bfd9fbb6e43e4,,Public-use institution/unit count data; NCSES states public-use files contain no individually identifiable information.,https://ncses.nsf.gov/826/assets/0/files/gss-2024-puf-user-guide.pdf
gss,NSF National Center for Science and Engineering Statistics,https://ncses.nsf.gov/826/assets/0/files/graduate_students_postdocs_2020.zip,graduate_students_postdocs_2020.zip,2020,2026-08-26T13:00:31+00:00,16168479,d828d4fa661f075687257e35ed4fc4e930e9c26af63128274a089a4ac37d1628,,Public-use institution/unit count data; NCSES states public-use files contain no individually identifiable information.,https://ncses.nsf.gov/826/assets/0/files/gss-2024-puf-user-guide.pdf
gss,NSF National Center for Science and Engineering Statistics,https://ncses.nsf.gov/826/assets/0/files/graduate_students_postdocs_2021.zip,graduate_students_postdocs_2021.zip,2021,2026-08-26T13:00:34+00:00,16433146,b5e2b0e1d18ddb17edcec7e0ba9ab5dfcb4e658ec02e8fbc76d78003797d17de,,Public-use institution/unit count data; NCSES states public-use files contain no individually identifiable information.,https://ncses.nsf.gov/826/assets/0/files/gss-2024-puf-user-guide.pdf
gss,NSF National Center for Science and Engineering Statistics,https://ncses.nsf.gov/826/assets/0/files/graduate_students_postdocs_2022.zip,graduate_students_postdocs_2022.zip,2022,2026-08-26T13:00:37+00:00,16655709,874b0eade39f11d1eff24db2ffb869ad8a4c00b247ab856b8d6c599841a0a71c,,Public-use institution/unit count data; NCSES states public-use files contain no individually identifiable information.,https://ncses.nsf.gov/826/assets/0/files/gss-2024-puf-user-guide.pdf
gss,NSF National Center for Science and Engineering Statistics,https://ncses.nsf.gov/826/assets/0/files/graduate_students_postdocs_2023.zip,graduate_students_postdocs_2023.zip,2023,2026-08-26T13:00:39+00:00,16350970,585aa6ad7274608453b7eba8f37dcb4966fe42eb0a02290e827062b0c36047d7,,Public-use institution/unit count data; NCSES states public-use files contain no individually identifiable information.,https://ncses.nsf.gov/826/assets/0/files/gss-2024-puf-user-guide.pdf
gss,NSF National Center for Science and Engineering Statistics,https://ncses.nsf.gov/826/assets/0/files/graduate_students_postdocs_2024.zip,graduate_students_postdocs_2024.zip,2024,2026-08-26T13:00:45+00:00,17162817,75f7deea78e7648c055d801980d8c0979613603940c09f4a0f1d71157ef8b7ef,,Public-use institution/unit count data; NCSES states public-use files contain no individually identifiable information.,https://ncses.nsf.gov/826/assets/0/files/gss-2024-puf-user-guide.pdf
gss_documentation,NSF National Center for Science and Engineering Statistics,https://ncses.nsf.gov/826/assets/0/files/gss-2024-puf-user-guide-appendix-a.pdf,gss-2024-puf-user-guide-appendix-a.pdf,2024,2026-08-26T13:00:45+00:00,233848,aed64d56280700e69f243a49f6a69dbe1d6219fae25f79bc3aa6bcc0e120e582,,Public-use institution/unit count data; NCSES states public-use files contain no individually identifiable information.,https://ncses.nsf.gov/826/assets/0/files/gss-2024-puf-user-guide.pdf
gss_documentation,NSF National Center for Science and Engineering Statistics,https://ncses.nsf.gov/826/assets/0/files/gss-2024-puf-user-guide-appendix-b.xlsx,gss-2024-puf-user-guide-appendix-b.xlsx,2024,2026-08-26T13:00:45+00:00,50454,a75d641c99d860fd00513f5a577140e96dca8c406aab1279c6d261f1631997c3,,Public-use institution/unit count data; NCSES states public-use files contain no individually identifiable information.,https://ncses.nsf.gov/826/assets/0/files/gss-2024-puf-user-guide.pdf
gss_documentation,NSF National Center for Science and Engineering Statistics,https://ncses.nsf.gov/826/assets/0/files/gss-2024-puf-user-guide.pdf,gss-2024-puf-user-guide.pdf,2024,2026-08-26T13:00:45+00:00,343639,ecaf592232392a99f4d349e0c6ce0d771a89d1158729242d660ab90e8c0fe03b,,Public-use institution/unit count data; NCSES states public-use files contain no individually identifiable information.,https://ncses.nsf.gov/826/assets/0/files/gss-2024-puf-user-guide.pdf
herd,NSF National Center for Science and Engineering Statistics,https://ncses.nsf.gov/821/assets/0/files/higher_education_r_and_d_2008.zip,higher_education_r_and_d_2008.zip,2008,2026-08-26T13:02:55+00:00,1416570,e23f8d3b558dd544dd4c085d426f39dfb6341036073015ad2d0f3d56121f5891,,NCSES public-use institution-level data; files include publicly releasable values and status flags.,https://ncses.nsf.gov/821/assets/0/files/fy-2024-herd-dug-text-file-format.pdf
herd,NSF National Center for Science and Engineering Statistics,https://ncses.nsf.gov/821/assets/0/files/higher_education_r_and_d_2009.zip,higher_education_r_and_d_2009.zip,2009,2026-08-26T13:02:56+00:00,1443276,b395b6601d11370d96e003f61d94ddd0fcda989056d5eae492333b815bd99e9a,,NCSES public-use institution-level data; files include publicly releasable values and status flags.,https://ncses.nsf.gov/821/assets/0/files/fy-2024-herd-dug-text-file-format.pdf
herd,NSF National Center for Science and Engineering Statistics,https://ncses.nsf.gov/821/assets/0/files/higher_education_r_and_d_2010.zip,higher_education_r_and_d_2010.zip,2010,2026-08-26T13:02:58+00:00,6421605,5d1c4f022b298186077334a23b6ac7080cae6de74b13a202d661c8b2875aa693,,NCSES public-use institution-level data; files include publicly releasable values and status flags.,https://ncses.nsf.gov/821/assets/0/files/fy-2024-herd-dug-text-file-format.pdf
herd,NSF National Center for Science and Engineering Statistics,https://ncses.nsf.gov/821/assets/0/files/higher_education_r_and_d_2011.zip,higher_education_r_and_d_2011.zip,2011,2026-08-26T13:02:59+00:00,7228811,701e0f350706fb98ef02e977d1ec76dc109abc54e0b6e91c339ff74682f47fc2,,NCSES public-use institution-level data; files include publicly releasable values and status flags.,https://ncses.nsf.gov/821/assets/0/files/fy-2024-herd-dug-text-file-format.pdf
herd,NSF National Center for Science and Engineering Statistics,https://ncses.nsf.gov/821/assets/0/files/higher_education_r_and_d_2012.zip,higher_education_r_and_d_2012.zip,2012,2026-08-26T13:04:50+00:00,6523553,24a5304e5ea0011050de0efda469de606d7fa7b332a3efef61f660302bcad242,,NCSES public-use institution-level data; files include publicly releasable values and status flags.,https://ncses.nsf.gov/821/assets/0/files/fy-2024-herd-dug-text-file-format.pdf
herd,NSF National Center for Science and Engineering Statistics,https://ncses.nsf.gov/821/assets/0/files/higher_education_r_and_d_2013.zip,higher_education_r_and_d_2013.zip,2013,2026-08-26T13:04:51+00:00,6393577,07fd21b7ec7fa6b8ac4bc9b0de846081603b7375f72099a762fcc9a3c9619cd6,,NCSES public-use institution-level data; files include publicly releasable values and status flags.,https://ncses.nsf.gov/821/assets/0/files/fy-2024-herd-dug-text-file-format.pdf
herd,NSF National Center for Science and Engineering Statistics,https://ncses.nsf.gov/821/assets/0/files/higher_education_r_and_d_2014.zip,higher_education_r_and_d_2014.zip,2014,2026-08-26T13:04:51+00:00,6374848,f41964d5200841f7ea57d25c7f76841472f36deade4ff34b3162d027c29381c5,,NCSES public-use institution-level data; files include publicly releasable values and status flags.,https://ncses.nsf.gov/821/assets/0/files/fy-2024-herd-dug-text-file-format.pdf
herd,NSF National Center for Science and Engineering Statistics,https://ncses.nsf.gov/821/assets/0/files/higher_education_r_and_d_2015.zip,higher_education_r_and_d_2015.zip,2015,2026-08-26T13:04:51+00:00,6405591,7f4434b6111bc5eb1f3f4fbdae9b6950c7b4b476ada7c4ea749ac67ae27b2354,,NCSES public-use institution-level data; files include publicly releasable values and status flags.,https://ncses.nsf.gov/821/assets/0/files/fy-2024-herd-dug-text-file-format.pdf
herd,NSF National Center for Science and Engineering Statistics,https://ncses.nsf.gov/821/assets/0/files/higher_education_r_and_d_2016.zip,higher_education_r_and_d_2016.zip,2016,2026-08-26T13:04:51+00:00,6497193,604934647dcca15b0099444039114ed0b802bc1bdacb409828f188d4a5d22d8d,,NCSES public-use institution-level data; files include publicly releasable values and status flags.,https://ncses.nsf.gov/821/assets/0/files/fy-2024-herd-dug-text-file-format.pdf
herd,NSF National Center for Science and Engineering Statistics,https://ncses.nsf.gov/821/assets/0/files/higher_education_r_and_d_2017.zip,higher_education_r_and_d_2017.zip,2017,2026-08-26T13:04:52+00:00,6691174,a52dac2c7a7bf0450a6cb48de692c7f0b96f03371a2807152b6f40b0ae7592c7,,NCSES public-use institution-level data; files include publicly releasable values and status flags.,https://ncses.nsf.gov/821/assets/0/files/fy-2024-herd-dug-text-file-format.pdf
herd,NSF National Center for Science and Engineering Statistics,https://ncses.nsf.gov/821/assets/0/files/higher_education_r_and_d_2018.zip,higher_education_r_and_d_2018.zip,2018,2026-08-26T13:04:52+00:00,6691074,b0da489fa14bda3fcaa373208efd88849fd3fe471bbdc06a8a7e9e2ec1d7d9e6,,NCSES public-use institution-level data; files include publicly releasable values and status flags.,https://ncses.nsf.gov/821/assets/0/files/fy-2024-herd-dug-text-file-format.pdf
herd,NSF National Center for Science and Engineering Statistics,https://ncses.nsf.gov/821/assets/0/files/higher_education_r_and_d_2019.zip,higher_education_r_and_d_2019.zip,2019,2026-08-26T13:04:52+00:00,6771149,27725ddf2d7210771a6e0d5adb5b50566ad236045ac2e6540f2571b4503de529,,NCSES public-use institution-level data; files include publicly releasable values and status flags.,https://ncses.nsf.gov/821/assets/0/files/fy-2024-herd-dug-text-file-format.pdf
herd,NSF National Center for Science and Engineering Statistics,https://ncses.nsf.gov/821/assets/0/files/higher_education_r_and_d_2020.zip,higher_education_r_and_d_2020.zip,2020,2026-08-26T13:04:53+00:00,6768552,3a933aef8b47751d55bc42a5fd03cccdb78c59673c65163522404741d3d44b0e,,NCSES public-use institution-level data; files include publicly releasable values and status flags.,https://ncses.nsf.gov/821/assets/0/files/fy-2024-herd-dug-text-file-format.pdf
herd,NSF National Center for Science and Engineering Statistics,https://ncses.nsf.gov/821/assets/0/files/higher_education_r_and_d_2021.zip,higher_education_r_and_d_2021.zip,2021,2026-08-26T13:04:53+00:00,6755997,6a6a79c80e2c50eb907a29322660420df585060d14aaa37520f8d26835b87b52,,NCSES public-use institution-level data; files include publicly releasable values and status flags.,https://ncses.nsf.gov/821/assets/0/files/fy-2024-herd-dug-text-file-format.pdf
herd,NSF National Center for Science and Engineering Statistics,https://ncses.nsf.gov/821/assets/0/files/higher_education_r_and_d_2022.zip,higher_education_r_and_d_2022.zip,2022,2026-08-26T13:04:53+00:00,7016611,c30bf54acdbb38be3433b90f400090305d37d21bc36977fc792719a1c5c8f47d,,NCSES public-use institution-level data; files include publicly releasable values and status flags.,https://ncses.nsf.gov/821/assets/0/files/fy-2024-herd-dug-text-file-format.pdf
herd,NSF National Center for Science and Engineering Statistics,https://ncses.nsf.gov/821/assets/0/files/higher_education_r_and_d_2023.zip,higher_education_r_and_d_2023.zip,2023,2026-08-26T13:04:54+00:00,7303706,70273e5214eec1a8174525cd735f203d838a3a83165ec9c64ecc64d3a5e8c8e5,,NCSES public-use institution-level data; files include publicly releasable values and status flags.,https://ncses.nsf.gov/821/assets/0/files/fy-2024-herd-dug-text-file-format.pdf
herd,NSF National Center for Science and Engineering Statistics,https://ncses.nsf.gov/821/assets/0/files/higher_education_r_and_d_2024.zip,higher_education_r_and_d_2024.zip,2024,2026-08-26T13:04:54+00:00,7467540,d1fc1df5efe4a6ddf9b333857e36cfc6e28a8eac9430984aa0fadd4968b43f1b,,NCSES public-use institution-level data; files include publicly releasable values and status flags.,https://ncses.nsf.gov/821/assets/0/files/fy-2024-herd-dug-text-file-format.pdf
herd_documentation,NSF National Center for Science and Engineering Statistics,https://ncses.nsf.gov/821/assets/0/files/fy-2024-herd-dug-text-file-format.pdf,fy-2024-herd-user-guide.pdf,2024,2026-08-26T13:04:55+00:00,399786,f4d2384ee5be72c297b39f866ab0765748c93a616b51be2f64d770fc44170455,,NCSES public-use institution-level data; files include publicly releasable values and status flags.,https://ncses.nsf.gov/821/assets/0/files/fy-2024-herd-dug-text-file-format.pdf
herd_short,NSF National Center for Science and Engineering Statistics,https://ncses.nsf.gov/821/assets/0/files/higher_education_r_and_d_2012_short.zip,higher_education_r_and_d_2012_short.zip,2012,2026-08-26T13:04:51+00:00,165790,4269af90242d172336c1d98bfae4933c95baea71c2d0e82cc485b2005cfda355,,NCSES public-use institution-level data; files include publicly releasable values and status flags.,https://ncses.nsf.gov/821/assets/0/files/fy-2024-herd-dug-text-file-format.pdf
herd_short,NSF National Center for Science and Engineering Statistics,https://ncses.nsf.gov/821/assets/0/files/higher_education_r_and_d_2013_short.zip,higher_education_r_and_d_2013_short.zip,2013,2026-08-26T13:04:51+00:00,153328,960069e5f56a7a8e01e650f8aead4e08e1fec0923721787a32391ea1b3fe9a17,,NCSES public-use institution-level data; files include publicly releasable values and status flags.,https://ncses.nsf.gov/821/assets/0/files/fy-2024-herd-dug-text-file-format.pdf
herd_short,NSF National Center for Science and Engineering Statistics,https://ncses.nsf.gov/821/assets/0/files/higher_education_r_and_d_2014_short.zip,higher_education_r_and_d_2014_short.zip,2014,2026-08-26T13:04:51+00:00,163258,18a26ed2b5cd6198041c639308d661ec9fc196f3a8076d5318217a66417cc9e2,,NCSES public-use institution-level data; files include publicly releasable values and status flags.,https://ncses.nsf.gov/821/assets/0/files/fy-2024-herd-dug-text-file-format.pdf
herd_short,NSF National Center for Science and Engineering Statistics,https://ncses.nsf.gov/821/assets/0/files/higher_education_r_and_d_2015_short.zip,higher_education_r_and_d_2015_short.zip,2015,2026-08-26T13:04:51+00:00,164975,4819c234b0df0e23464b324abafec55ecbafdc4b505ef6d23e25cbe2ec3118c9,,NCSES public-use institution-level data; files include publicly releasable values and status flags.,https://ncses.nsf.gov/821/assets/0/files/fy-2024-herd-dug-text-file-format.pdf
herd_short,NSF National Center for Science and Engineering Statistics,https://ncses.nsf.gov/821/assets/0/files/higher_education_r_and_d_2016_short.zip,higher_education_r_and_d_2016_short.zip,2016,2026-08-26T13:04:52+00:00,165947,6f23651188750e5132826483e4bf06c242df96c5f6f43095c2e3cd3bfa2ac1ca,,NCSES public-use institution-level data; files include publicly releasable values and status flags.,https://ncses.nsf.gov/821/assets/0/files/fy-2024-herd-dug-text-file-format.pdf
herd_short,NSF National Center for Science and Engineering Statistics,https://ncses.nsf.gov/821/assets/0/files/higher_education_r_and_d_2017_short.zip,higher_education_r_and_d_2017_short.zip,2017,2026-08-26T13:04:52+00:00,158969,62b01c1dd2cb16d2fa58215a0c374b555277f3e985b990702f8fa47d878a0287,,NCSES public-use institution-level data; files include publicly releasable values and status flags.,https://ncses.nsf.gov/821/assets/0/files/fy-2024-herd-dug-text-file-format.pdf
herd_short,NSF National Center for Science and Engineering Statistics,https://ncses.nsf.gov/821/assets/0/files/higher_education_r_and_d_2018_short.zip,higher_education_r_and_d_2018_short.zip,2018,2026-08-26T13:04:52+00:00,170273,1d9ae78927ca1fb3603e54d350db5ce6c4eb7dc3bf9e1b0cd979b9c0102c08a1,,NCSES public-use institution-level data; files include publicly releasable values and status flags.,https://ncses.nsf.gov/821/assets/0/files/fy-2024-herd-dug-text-file-format.pdf
herd_short,NSF National Center for Science and Engineering Statistics,https://ncses.nsf.gov/821/assets/0/files/higher_education_r_and_d_2019_short.zip,higher_education_r_and_d_2019_short.zip,2019,2026-08-26T13:04:53+00:00,170921,f733b02f976e86f8bed60779daef621023971c21fabd829b00e3730f6a100fe8,,NCSES public-use institution-level data; files include publicly releasable values and status flags.,https://ncses.nsf.gov/821/assets/0/files/fy-2024-herd-dug-text-file-format.pdf
herd_short,NSF National Center for Science and Engineering Statistics,https://ncses.nsf.gov/821/assets/0/files/higher_education_r_and_d_2020_short.zip,higher_education_r_and_d_2020_short.zip,2020,2026-08-26T13:04:53+00:00,163729,820a9704879512e180e40e0b46eb7c6307da240649227fa4724f1ee017698261,,NCSES public-use institution-level data; files include publicly releasable values and status flags.,https://ncses.nsf.gov/821/assets/0/files/fy-2024-herd-dug-text-file-format.pdf
herd_short,NSF National Center for Science and Engineering Statistics,https://ncses.nsf.gov/821/assets/0/files/higher_education_r_and_d_2021_short.zip,higher_education_r_and_d_2021_short.zip,2021,2026-08-26T13:04:53+00:00,163813,b920874bf295e6c5bf0e9de7a9df4a285c02a612eac9590e284e440e0a1085be,,NCSES public-use institution-level data; files include publicly releasable values and status flags.,https://ncses.nsf.gov/821/assets/0/files/fy-2024-herd-dug-text-file-format.pdf
herd_short,NSF National Center for Science and Engineering Statistics,https://ncses.nsf.gov/821/assets/0/files/higher_education_r_and_d_2022_short.zip,higher_education_r_and_d_2022_short.zip,2022,2026-08-26T13:04:54+00:00,169519,f53bb7dee5a8d9df0805da90d7634373b793e046cbdd1b9010bcfaf266e9e369,,NCSES public-use institution-level data; files include publicly releasable values and status flags.,https://ncses.nsf.gov/821/assets/0/files/fy-2024-herd-dug-text-file-format.pdf
herd_short,NSF National Center for Science and Engineering Statistics,https://ncses.nsf.gov/821/assets/0/files/higher_education_r_and_d_2023_short.zip,higher_education_r_and_d_2023_short.zip,2023,2026-08-26T13:04:54+00:00,156747,11a719246b5450882286a76858237212fa0c672b0e1a7aac89a8c087018dd455,,NCSES public-use institution-level data; files include publicly releasable values and status flags.,https://ncses.nsf.gov/821/assets/0/files/fy-2024-herd-dug-text-file-format.pdf
herd_short,NSF National Center for Science and Engineering Statistics,https://ncses.nsf.gov/821/assets/0/files/higher_education_r_and_d_2024_short.zip,higher_education_r_and_d_2024_short.zip,2024,2026-08-26T13:04:55+00:00,157193,2315d3777e2e40e05d46f7fb91ef9a59d8101ebeaa8538f0bc9a3330ba0d78ec,,NCSES public-use institution-level data; files include publicly releasable values and status flags.,https://ncses.nsf.gov/821/assets/0/files/fy-2024-herd-dug-text-file-format.pdf
ipeds_directory,"U.S. Department of Education, National Center for Education Statistics",https://nces.ed.gov/ipeds/datacenter/data/HD2008.zip,HD2008.zip,2008,2026-08-26T13:21:28+00:00,645108,eb760d8fd5fa8591e2e4149af1c1954e52ba9a8aacbb5327d066511ff8d7d25b,,Public federal statistical data. Use final/revised releases when available and retain release status from the downloaded file.,https://nces.ed.gov/ipeds/help/complete-data-files
ipeds_directory,"U.S. Department of Education, National Center for Education Statistics",https://nces.ed.gov/ipeds/datacenter/data/HD2009.zip,HD2009.zip,2009,2026-08-26T13:21:31+00:00,816097,6639ed79d93a4313e0be5830d8250709924811f8dec3fb664a9dea56f7dc1774,,Public federal statistical data. Use final/revised releases when available and retain release status from the downloaded file.,https://nces.ed.gov/ipeds/help/complete-data-files
ipeds_directory,"U.S. Department of Education, National Center for Education Statistics",https://nces.ed.gov/ipeds/datacenter/data/HD2010.zip,HD2010.zip,2010,2026-08-26T13:21:33+00:00,911357,72874b792f3c17c143002261af505340742f361645814f120216bda0ccaddb9c,,Public federal statistical data. Use final/revised releases when available and retain release status from the downloaded file.,https://nces.ed.gov/ipeds/help/complete-data-files
ipeds_directory,"U.S. Department of Education, National Center for Education Statistics",https://nces.ed.gov/ipeds/datacenter/data/HD2011.zip,HD2011.zip,2011,2026-08-26T13:21:37+00:00,999029,cc25e07c20380b1254f3a2d000d118cb1ec920d989a3071058c21ac8732548b6,,Public federal statistical data. Use final/revised releases when available and retain release status from the downloaded file.,https://nces.ed.gov/ipeds/help/complete-data-files
ipeds_directory,"U.S. Department of Education, National Center for Education Statistics",https://nces.ed.gov/ipeds/datacenter/data/HD2012.zip,HD2012.zip,2012,2026-08-26T13:21:40+00:00,1021812,8d806d818194ccefdc594204025d4c17610338770a0ff130d28f251eec05691e,,Public federal statistical data. Use final/revised releases when available and retain release status from the downloaded file.,https://nces.ed.gov/ipeds/help/complete-data-files
ipeds_directory,"U.S. Department of Education, National Center for Education Statistics",https://nces.ed.gov/ipeds/datacenter/data/HD2013.zip,HD2013.zip,2013,2026-08-26T13:21:44+00:00,1006235,d9690d6c37c1616f5c7e9f5ea845a9a9a72ea06665db2626bfb07c5c5dff809f,,Public federal statistical data. Use final/revised releases when available and retain release status from the downloaded file.,https://nces.ed.gov/ipeds/help/complete-data-files
ipeds_directory,"U.S. Department of Education, National Center for Education Statistics",https://nces.ed.gov/ipeds/datacenter/data/HD2014.zip,HD2014.zip,2014,2026-08-26T13:21:48+00:00,1076134,ff890e8305d3576c9ab9a0f3c6837ebce4fe5ce5c0d92374a0773f0a9f4150b8,,Public federal statistical data. Use final/revised releases when available and retain release status from the downloaded file.,https://nces.ed.gov/ipeds/help/complete-data-files
ipeds_directory,"U.S. Department of Education, National Center for Education Statistics",https://nces.ed.gov/ipeds/datacenter/data/HD2015.zip,HD2015.zip,2015,2026-08-26T13:21:52+00:00,1090917,17db8753dd1dc404899d8a40fbc4c1eb3d96dd07d06b4b21e6ad994c778351df,,Public federal statistical data. Use final/revised releases when available and retain release status from the downloaded file.,https://nces.ed.gov/ipeds/help/complete-data-files
ipeds_directory,"U.S. Department of Education, National Center for Education Statistics",https://nces.ed.gov/ipeds/datacenter/data/HD2016.zip,HD2016.zip,2016,2026-08-26T13:21:56+00:00,1194954,a09e91d3e3b7ef63fb30b5372402f3805c5da1c74959925486036745f2fb664e,,Public federal statistical data. Use final/revised releases when available and retain release status from the downloaded file.,https://nces.ed.gov/ipeds/help/complete-data-files
ipeds_directory,"U.S. Department of Education, National Center for Education Statistics",https://nces.ed.gov/ipeds/datacenter/data/HD2017.zip,HD2017.zip,2017,2026-08-26T13:22:00+00:00,1147093,4dbb7905c0436ed97920d4d876e4c598f5f18c2c742dab9972b804b6ee133e57,,Public federal statistical data. Use final/revised releases when available and retain release status from the downloaded file.,https://nces.ed.gov/ipeds/help/complete-data-files
ipeds_directory,"U.S. Department of Education, National Center for Education Statistics",https://nces.ed.gov/ipeds/datacenter/data/HD2018.zip,HD2018.zip,2018,2026-08-26T13:22:04+00:00,1080905,4e632bc76441c12e8e42b4e66dd6af99aa332342c4879920c09d7d8317cf9b29,,Public federal statistical data. Use final/revised releases when available and retain release status from the downloaded file.,https://nces.ed.gov/ipeds/help/complete-data-files
ipeds_directory,"U.S. Department of Education, National Center for Education Statistics",https://nces.ed.gov/ipeds/datacenter/data/HD2019.zip,HD2019.zip,2019,2026-08-26T13:22:09+00:00,1048337,727cb3484666e5fea8669ce0fb2ad4606ed19531b47cf428d6748072d7e7ab26,,Public federal statistical data. Use final/revised releases when available and retain release status from the downloaded file.,https://nces.ed.gov/ipeds/help/complete-data-files
ipeds_directory,"U.S. Department of Education, National Center for Education Statistics",https://nces.ed.gov/ipeds/datacenter/data/HD2020.zip,HD2020.zip,2020,2026-08-26T13:22:12+00:00,1032613,cfbdf04201f4be4ae6f98b3800424b6fffd498ec2932f34d287b3d9f17aa3475,,Public federal statistical data. Use final/revised releases when available and retain release status from the downloaded file.,https://nces.ed.gov/ipeds/help/complete-data-files
ipeds_directory,"U.S. Department of Education, National Center for Education Statistics",https://nces.ed.gov/ipeds/datacenter/data/HD2021.zip,HD2021.zip,2021,2026-08-26T13:22:16+00:00,1022829,6ea1a974e2994cfcf066b4910bcdad7b0df6f927e6871f3d55532af94b965389,,Public federal statistical data. Use final/revised releases when available and retain release status from the downloaded file.,https://nces.ed.gov/ipeds/help/complete-data-files
ipeds_directory,"U.S. Department of Education, National Center for Education Statistics",https://nces.ed.gov/ipeds/datacenter/data/HD2022.zip,HD2022.zip,2022,2026-08-26T13:22:20+00:00,1053927,e36389b793741bf6886b8d85fa9b42614644162b0d0b1d024a663a9c1865c782,,Public federal statistical data. Use final/revised releases when available and retain release status from the downloaded file.,https://nces.ed.gov/ipeds/help/complete-data-files
ipeds_directory,"U.S. Department of Education, National Center for Education Statistics",https://nces.ed.gov/ipeds/datacenter/data/HD2023.zip,HD2023.zip,2023,2026-08-26T13:22:24+00:00,1110720,e11d35af6f50fbe2f51d8ddd5a9d4f49860abbab7d73beae1f8524f13ad8945b,,Public federal statistical data. Use final/revised releases when available and retain release status from the downloaded file.,https://nces.ed.gov/ipeds/help/complete-data-files
ipeds_directory_dictionary,"U.S. Department of Education, National Center for Education Statistics",https://nces.ed.gov/ipeds/datacenter/data/HD2008_Dict.zip,HD2008_Dict.zip,2008,2026-08-26T13:21:28+00:00,111226,a2e02ec8654e63f6b12476b2b39225b1a0d7e9616a01a8d57b83d2c856315a9b,,Public federal statistical data. Use final/revised releases when available and retain release status from the downloaded file.,https://nces.ed.gov/ipeds/help/complete-data-files
ipeds_directory_dictionary,"U.S. Department of Education, National Center for Education Statistics",https://nces.ed.gov/ipeds/datacenter/data/HD2009_Dict.zip,HD2009_Dict.zip,2009,2026-08-26T13:21:31+00:00,71029,b2da7b5bb559f032a9c2a08e583ed2f6ab9ab2efbff84dacd86619a633891533,,Public federal statistical data. Use final/revised releases when available and retain release status from the downloaded file.,https://nces.ed.gov/ipeds/help/complete-data-files
ipeds_directory_dictionary,"U.S. Department of Education, National Center for Education Statistics",https://nces.ed.gov/ipeds/datacenter/data/HD2010_Dict.zip,HD2010_Dict.zip,2010,2026-08-26T13:21:34+00:00,160340,e5aae5fa45bb36b328fae3f4fdbd2b3ee43eca0b315688c9c910bd22f95dabbf,,Public federal statistical data. Use final/revised releases when available and retain release status from the downloaded file.,https://nces.ed.gov/ipeds/help/complete-data-files
ipeds_directory_dictionary,"U.S. Department of Education, National Center for Education Statistics",https://nces.ed.gov/ipeds/datacenter/data/HD2011_Dict.zip,HD2011_Dict.zip,2011,2026-08-26T13:21:38+00:00,151328,44156b96da8644a071777c159c37e6f6efad6036ab0c1c103eae37153c296de4,,Public federal statistical data. Use final/revised releases when available and retain release status from the downloaded file.,https://nces.ed.gov/ipeds/help/complete-data-files
ipeds_directory_dictionary,"U.S. Department of Education, National Center for Education Statistics",https://nces.ed.gov/ipeds/datacenter/data/HD2012_Dict.zip,HD2012_Dict.zip,2012,2026-08-26T13:21:41+00:00,143898,2201dfe4bb028a7e18ab964c44048c771bf66c3b6495e5dd435b1356db6df97b,,Public federal statistical data. Use final/revised releases when available and retain release status from the downloaded file.,https://nces.ed.gov/ipeds/help/complete-data-files
ipeds_directory_dictionary,"U.S. Department of Education, National Center for Education Statistics",https://nces.ed.gov/ipeds/datacenter/data/HD2013_Dict.zip,HD2013_Dict.zip,2013,2026-08-26T13:21:45+00:00,214423,313fafff0e439e0f13cde9066a9b9bf79903be7d1e610ee9b131e24629a0309f,,Public federal statistical data. Use final/revised releases when available and retain release status from the downloaded file.,https://nces.ed.gov/ipeds/help/complete-data-files
ipeds_directory_dictionary,"U.S. Department of Education, National Center for Education Statistics",https://nces.ed.gov/ipeds/datacenter/data/HD2014_Dict.zip,HD2014_Dict.zip,2014,2026-08-26T13:21:49+00:00,216601,3daa3ae6aa8ca3d55a1acb757c6d262f85ed58569886ad0831b092c6d1416f32,,Public federal statistical data. Use final/revised releases when available and retain release status from the downloaded file.,https://nces.ed.gov/ipeds/help/complete-data-files
ipeds_directory_dictionary,"U.S. Department of Education, National Center for Education Statistics",https://nces.ed.gov/ipeds/datacenter/data/HD2015_Dict.zip,HD2015_Dict.zip,2015,2026-08-26T13:21:53+00:00,221521,be4a34b449d3ecc3cc8b475bcc9fc3ee8c79f8b63f2a6f70c02401cec2c5cd9f,,Public federal statistical data. Use final/revised releases when available and retain release status from the downloaded file.,https://nces.ed.gov/ipeds/help/complete-data-files
ipeds_directory_dictionary,"U.S. Department of Education, National Center for Education Statistics",https://nces.ed.gov/ipeds/datacenter/data/HD2016_Dict.zip,HD2016_Dict.zip,2016,2026-08-26T13:21:57+00:00,220927,5f862ed9c3955dd07967660fa7e0151b4c841e763c35e6f67580265b183af53b,,Public federal statistical data. Use final/revised releases when available and retain release status from the downloaded file.,https://nces.ed.gov/ipeds/help/complete-data-files
ipeds_directory_dictionary,"U.S. Department of Education, National Center for Education Statistics",https://nces.ed.gov/ipeds/datacenter/data/HD2017_Dict.zip,HD2017_Dict.zip,2017,2026-08-26T13:22:01+00:00,217628,a08c0b600aa26a362016bb6cb85c30dcbb28f5a1f11ce29cb25e4d98bccf8a58,,Public federal statistical data. Use final/revised releases when available and retain release status from the downloaded file.,https://nces.ed.gov/ipeds/help/complete-data-files
ipeds_directory_dictionary,"U.S. Department of Education, National Center for Education Statistics",https://nces.ed.gov/ipeds/datacenter/data/HD2018_Dict.zip,HD2018_Dict.zip,2018,2026-08-26T13:22:05+00:00,226444,ebbe6873fbef78fd744adc935514af5d7cdfbf0d225bcc4ea1b5b982df53ac54,,Public federal statistical data. Use final/revised releases when available and retain release status from the downloaded file.,https://nces.ed.gov/ipeds/help/complete-data-files
ipeds_directory_dictionary,"U.S. Department of Education, National Center for Education Statistics",https://nces.ed.gov/ipeds/datacenter/data/HD2019_Dict.zip,HD2019_Dict.zip,2019,2026-08-26T13:22:10+00:00,224697,3200e733eed31ba315950c03cb68ff899d1418b5e182dcbca1a1b1d92893ccd7,,Public federal statistical data. Use final/revised releases when available and retain release status from the downloaded file.,https://nces.ed.gov/ipeds/help/complete-data-files
ipeds_directory_dictionary,"U.S. Department of Education, National Center for Education Statistics",https://nces.ed.gov/ipeds/datacenter/data/HD2020_Dict.zip,HD2020_Dict.zip,2020,2026-08-26T13:22:13+00:00,216540,8e043194fe0e3f8874217b92c20e359572796dad67caaed857ad1ef3d2c88906,,Public federal statistical data. Use final/revised releases when available and retain release status from the downloaded file.,https://nces.ed.gov/ipeds/help/complete-data-files
ipeds_directory_dictionary,"U.S. Department of Education, National Center for Education Statistics",https://nces.ed.gov/ipeds/datacenter/data/HD2021_Dict.zip,HD2021_Dict.zip,2021,2026-08-26T13:22:17+00:00,212850,ccb3ce2e5b80dcbbc74de38d668384dd4ae6c1df01914a1993002886b6809676,,Public federal statistical data. Use final/revised releases when available and retain release status from the downloaded file.,https://nces.ed.gov/ipeds/help/complete-data-files
ipeds_directory_dictionary,"U.S. Department of Education, National Center for Education Statistics",https://nces.ed.gov/ipeds/datacenter/data/HD2022_Dict.zip,HD2022_Dict.zip,2022,2026-08-26T13:22:21+00:00,211086,8999be0ae98d4993af1af19b1710cd113349e2f3d001dae265c47c17588ea6fd,,Public federal statistical data. Use final/revised releases when available and retain release status from the downloaded file.,https://nces.ed.gov/ipeds/help/complete-data-files
ipeds_directory_dictionary,"U.S. Department of Education, National Center for Education Statistics",https://nces.ed.gov/ipeds/datacenter/data/HD2023_Dict.zip,HD2023_Dict.zip,2023,2026-08-26T13:22:25+00:00,151910,131d8f2f56a71078ea453989384cce91985fa2a29a94f168a718dedc6a466e3b,,Public federal statistical data. Use final/revised releases when available and retain release status from the downloaded file.,https://nces.ed.gov/ipeds/help/complete-data-files
ipeds_employees_by_assigned_position,"U.S. Department of Education, National Center for Education Statistics",https://nces.ed.gov/ipeds/datacenter/data/EAP2008.zip,EAP2008.zip,2008,2026-08-26T13:21:29+00:00,4913139,5a0b0db47a86e89eb7a6d44855560a5d6a5db26f6b66c459f9618fc3231e2436,,Public federal statistical data. Use final/revised releases when available and retain release status from the downloaded file.,https://nces.ed.gov/ipeds/help/complete-data-files
ipeds_employees_by_assigned_position,"U.S. Department of Education, National Center for Education Statistics",https://nces.ed.gov/ipeds/datacenter/data/EAP2009.zip,EAP2009.zip,2009,2026-08-26T13:21:32+00:00,5083663,5f2d27cfd841dd03b607dc9e77f223f3069be4fba627e24daa573b5b2a540c76,,Public federal statistical data. Use final/revised releases when available and retain release status from the downloaded file.,https://nces.ed.gov/ipeds/help/complete-data-files
ipeds_employees_by_assigned_position,"U.S. Department of Education, National Center for Education Statistics",https://nces.ed.gov/ipeds/datacenter/data/EAP2010.zip,EAP2010.zip,2010,2026-08-26T13:21:35+00:00,5290232,9165c07d94aba76104f19a1de25cc30d57a5d73789de95ea9e6cb09f4089a734,,Public federal statistical data. Use final/revised releases when available and retain release status from the downloaded file.,https://nces.ed.gov/ipeds/help/complete-data-files
ipeds_employees_by_assigned_position,"U.S. Department of Education, National Center for Education Statistics",https://nces.ed.gov/ipeds/datacenter/data/EAP2011.zip,EAP2011.zip,2011,2026-08-26T13:21:38+00:00,5286101,86f36361e61d5436c5342b68ffdc403faa5736b40b75521062ba894ba2b91c93,,Public federal statistical data. Use final/revised releases when available and retain release status from the downloaded file.,https://nces.ed.gov/ipeds/help/complete-data-files
ipeds_employees_by_assigned_position,"U.S. Department of Education, National Center for Education Statistics",https://nces.ed.gov/ipeds/datacenter/data/EAP2012.zip,EAP2012.zip,2012,2026-08-26T13:21:42+00:00,4251740,5ffdbdbe2a6fce34ede0d893d00e6d182179cece6f4ae014d067994519274eb3,,Public federal statistical data. Use final/revised releases when available and retain release status from the downloaded file.,https://nces.ed.gov/ipeds/help/complete-data-files
ipeds_employees_by_assigned_position,"U.S. Department of Education, National Center for Education Statistics",https://nces.ed.gov/ipeds/datacenter/data/EAP2013.zip,EAP2013.zip,2013,2026-08-26T13:21:46+00:00,4282598,359b025e98b25a37ad51251688eebef30b44105a047d302082893bc1fb19a5fe,,Public federal statistical data. Use final/revised releases when available and retain release status from the downloaded file.,https://nces.ed.gov/ipeds/help/complete-data-files
ipeds_employees_by_assigned_position,"U.S. Department of Education, National Center for Education Statistics",https://nces.ed.gov/ipeds/datacenter/data/EAP2014.zip,EAP2014.zip,2014,2026-08-26T13:21:50+00:00,4424192,6810ee81eaf7bb2317e3b53cb47c06486ca35e192703342822fc20e4f7337800,,Public federal statistical data. Use final/revised releases when available and retain release status from the downloaded file.,https://nces.ed.gov/ipeds/help/complete-data-files
ipeds_employees_by_assigned_position,"U.S. Department of Education, National Center for Education Statistics",https://nces.ed.gov/ipeds/datacenter/data/EAP2015.zip,EAP2015.zip,2015,2026-08-26T13:21:54+00:00,4412523,405d4f960ed8b408b991311e98cdb0f0c5dd6d14aab05ec0be657b987184658e,,Public federal statistical data. Use final/revised releases when available and retain release status from the downloaded file.,https://nces.ed.gov/ipeds/help/complete-data-files
ipeds_employees_by_assigned_position,"U.S. Department of Education, National Center for Education Statistics",https://nces.ed.gov/ipeds/datacenter/data/EAP2016.zip,EAP2016.zip,2016,2026-08-26T13:21:58+00:00,4459584,b5bdb70b22bc0c882e239246b3f9307be2c914e7fa84e559dcffe8bfc762ad25,,Public federal statistical data. Use final/revised releases when available and retain release status from the downloaded file.,https://nces.ed.gov/ipeds/help/complete-data-files
ipeds_employees_by_assigned_position,"U.S. Department of Education, National Center for Education Statistics",https://nces.ed.gov/ipeds/datacenter/data/EAP2017.zip,EAP2017.zip,2017,2026-08-26T13:22:02+00:00,4331748,105eea5cb3a822962b89a3723ce682a97394dc2cc43227abe668e3e421eed410,,Public federal statistical data. Use final/revised releases when available and retain release status from the downloaded file.,https://nces.ed.gov/ipeds/help/complete-data-files
ipeds_employees_by_assigned_position,"U.S. Department of Education, National Center for Education Statistics",https://nces.ed.gov/ipeds/datacenter/data/EAP2018.zip,EAP2018.zip,2018,2026-08-26T13:22:06+00:00,4129073,0c87d392f2b725a86f4a7ab42e8163ec177e23b47595e8c28ec0b85731ab74c3,,Public federal statistical data. Use final/revised releases when available and retain release status from the downloaded file.,https://nces.ed.gov/ipeds/help/complete-data-files
ipeds_employees_by_assigned_position,"U.S. Department of Education, National Center for Education Statistics",https://nces.ed.gov/ipeds/datacenter/data/EAP2019.zip,EAP2019.zip,2019,2026-08-26T13:22:10+00:00,4055559,77e34949fa2e9b7ccf7de1bbbdc83e495cd195a970763cf25b47936797d05dc0,,Public federal statistical data. Use final/revised releases when available and retain release status from the downloaded file.,https://nces.ed.gov/ipeds/help/complete-data-files
ipeds_employees_by_assigned_position,"U.S. Department of Education, National Center for Education Statistics",https://nces.ed.gov/ipeds/datacenter/data/EAP2020.zip,EAP2020.zip,2020,2026-08-26T13:22:14+00:00,3879167,24804b584d2d4c04314aa133055eda4e990d2e1f22630713175b272d136150bc,,Public federal statistical data. Use final/revised releases when available and retain release status from the downloaded file.,https://nces.ed.gov/ipeds/help/complete-data-files
ipeds_employees_by_assigned_position,"U.S. Department of Education, National Center for Education Statistics",https://nces.ed.gov/ipeds/datacenter/data/EAP2021.zip,EAP2021.zip,2021,2026-08-26T13:22:18+00:00,3780341,89c799e92da6bb95a125998e6c67eed56d7ae4a39c7fc0ae6f56ef563382a732,,Public federal statistical data. Use final/revised releases when available and retain release status from the downloaded file.,https://nces.ed.gov/ipeds/help/complete-data-files
ipeds_employees_by_assigned_position,"U.S. Department of Education, National Center for Education Statistics",https://nces.ed.gov/ipeds/datacenter/data/EAP2022.zip,EAP2022.zip,2022,2026-08-26T13:22:21+00:00,3795116,83a3ac7d102fe86241f0b86a83f2085943d0447a9c692200e4a4260dd4a2677d,,Public federal statistical data. Use final/revised releases when available and retain release status from the downloaded file.,https://nces.ed.gov/ipeds/help/complete-data-files
ipeds_employees_by_assigned_position,"U.S. Department of Education, National Center for Education Statistics",https://nces.ed.gov/ipeds/datacenter/data/EAP2023.zip,EAP2023.zip,2023,2026-08-26T13:22:25+00:00,1857384,f133e6a2de3f8294f436bf3a906596e6570a72f6c01647a6ce73a1f3214b7f44,,Public federal statistical data. Use final/revised releases when available and retain release status from the downloaded file.,https://nces.ed.gov/ipeds/help/complete-data-files
ipeds_employees_by_assigned_position_dictionary,"U.S. Department of Education, National Center for Education Statistics",https://nces.ed.gov/ipeds/datacenter/data/EAP2008_Dict.zip,EAP2008_Dict.zip,2008,2026-08-26T13:21:29+00:00,41065,62de3b3c1d5ec7348a429210007c82593302eb9a27dc6681c4cd5cd66fd69564,,Public federal statistical data. Use final/revised releases when available and retain release status from the downloaded file.,https://nces.ed.gov/ipeds/help/complete-data-files
ipeds_employees_by_assigned_position_dictionary,"U.S. Department of Education, National Center for Education Statistics",https://nces.ed.gov/ipeds/datacenter/data/EAP2009_Dict.zip,EAP2009_Dict.zip,2009,2026-08-26T13:21:32+00:00,33096,230e4621c6fde4ee76682f352006048fc4ce9246dc1961b020a820654eb8e0fe,,Public federal statistical data. Use final/revised releases when available and retain release status from the downloaded file.,https://nces.ed.gov/ipeds/help/complete-data-files
ipeds_employees_by_assigned_position_dictionary,"U.S. Department of Education, National Center for Education Statistics",https://nces.ed.gov/ipeds/datacenter/data/EAP2010_Dict.zip,EAP2010_Dict.zip,2010,2026-08-26T13:21:35+00:00,30336,43495a950ac9cf1bc386bf314a779783c344cf87a91e41b7750bf27a22c8945a,,Public federal statistical data. Use final/revised releases when available and retain release status from the downloaded file.,https://nces.ed.gov/ipeds/help/complete-data-files
ipeds_employees_by_assigned_position_dictionary,"U.S. Department of Education, National Center for Education Statistics",https://nces.ed.gov/ipeds/datacenter/data/EAP2011_Dict.zip,EAP2011_Dict.zip,2011,2026-08-26T13:21:39+00:00,34252,33dbb3fbd41156d835d7f462796794fb8cfd4e630312bd5aeff2eadeed25f12a,,Public federal statistical data. Use final/revised releases when available and retain release status from the downloaded file.,https://nces.ed.gov/ipeds/help/complete-data-files
ipeds_employees_by_assigned_position_dictionary,"U.S. Department of Education, National Center for Education Statistics",https://nces.ed.gov/ipeds/datacenter/data/EAP2012_Dict.zip,EAP2012_Dict.zip,2012,2026-08-26T13:21:42+00:00,45148,72752c29584b55efea35ef725535ad956262f1218dafd0d9dd678980ae68a513,,Public federal statistical data. Use final/revised releases when available and retain release status from the downloaded file.,https://nces.ed.gov/ipeds/help/complete-data-files
ipeds_employees_by_assigned_position_dictionary,"U.S. Department of Education, National Center for Education Statistics",https://nces.ed.gov/ipeds/datacenter/data/EAP2013_Dict.zip,EAP2013_Dict.zip,2013,2026-08-26T13:21:46+00:00,48761,aadf87b479bd92d2017985f58411e33ab6b89e8b9ecc21d5f342763c661cd3d0,,Public federal statistical data. Use final/revised releases when available and retain release status from the downloaded file.,https://nces.ed.gov/ipeds/help/complete-data-files
ipeds_employees_by_assigned_position_dictionary,"U.S. Department of Education, National Center for Education Statistics",https://nces.ed.gov/ipeds/datacenter/data/EAP2014_Dict.zip,EAP2014_Dict.zip,2014,2026-08-26T13:21:50+00:00,53563,2fe954073f4a2ef46272d677c7a49bc37dce4f9b080e1552935d2ba394b64234,,Public federal statistical data. Use final/revised releases when available and retain release status from the downloaded file.,https://nces.ed.gov/ipeds/help/complete-data-files
ipeds_employees_by_assigned_position_dictionary,"U.S. Department of Education, National Center for Education Statistics",https://nces.ed.gov/ipeds/datacenter/data/EAP2015_Dict.zip,EAP2015_Dict.zip,2015,2026-08-26T13:21:54+00:00,59968,0e92b640b89a29118f76a31fe7790d9073084d4004eb8f8b99a22beb2d1f4640,,Public federal statistical data. Use final/revised releases when available and retain release status from the downloaded file.,https://nces.ed.gov/ipeds/help/complete-data-files
ipeds_employees_by_assigned_position_dictionary,"U.S. Department of Education, National Center for Education Statistics",https://nces.ed.gov/ipeds/datacenter/data/EAP2016_Dict.zip,EAP2016_Dict.zip,2016,2026-08-26T13:21:59+00:00,66655,471c71e339a4771354b59cbeb3d9ab0aa9f6a22d84bb125941107e9255e523a2,,Public federal statistical data. Use final/revised releases when available and retain release status from the downloaded file.,https://nces.ed.gov/ipeds/help/complete-data-files
ipeds_employees_by_assigned_position_dictionary,"U.S. Department of Education, National Center for Education Statistics",https://nces.ed.gov/ipeds/datacenter/data/EAP2017_Dict.zip,EAP2017_Dict.zip,2017,2026-08-26T13:22:02+00:00,63301,b69867fbcfff71ac8f155fc9253b3ff081aef348a90e623adbfeb9cc54d6a107,,Public federal statistical data. Use final/revised releases when available and retain release status from the downloaded file.,https://nces.ed.gov/ipeds/help/complete-data-files
ipeds_employees_by_assigned_position_dictionary,"U.S. Department of Education, National Center for Education Statistics",https://nces.ed.gov/ipeds/datacenter/data/EAP2018_Dict.zip,EAP2018_Dict.zip,2018,2026-08-26T13:22:07+00:00,73829,c25f4b701e55045383ef62aca0a637ae1355a352bf72227a0bb591d0ba8e14b1,,Public federal statistical data. Use final/revised releases when available and retain release status from the downloaded file.,https://nces.ed.gov/ipeds/help/complete-data-files
ipeds_employees_by_assigned_position_dictionary,"U.S. Department of Education, National Center for Education Statistics",https://nces.ed.gov/ipeds/datacenter/data/EAP2019_Dict.zip,EAP2019_Dict.zip,2019,2026-08-26T13:22:11+00:00,75438,95708f7fc17a980127b73ce3eacb57c66141bc27ae589830d776aebfc4670d29,,Public federal statistical data. Use final/revised releases when available and retain release status from the downloaded file.,https://nces.ed.gov/ipeds/help/complete-data-files
ipeds_employees_by_assigned_position_dictionary,"U.S. Department of Education, National Center for Education Statistics",https://nces.ed.gov/ipeds/datacenter/data/EAP2020_Dict.zip,EAP2020_Dict.zip,2020,2026-08-26T13:22:14+00:00,76858,b01d2cad6bb98e457e938b86f46d3624015e4605b2cd4773ef94da109366cf04,,Public federal statistical data. Use final/revised releases when available and retain release status from the downloaded file.,https://nces.ed.gov/ipeds/help/complete-data-files
ipeds_employees_by_assigned_position_dictionary,"U.S. Department of Education, National Center for Education Statistics",https://nces.ed.gov/ipeds/datacenter/data/EAP2021_Dict.zip,EAP2021_Dict.zip,2021,2026-08-26T13:22:18+00:00,63983,d153c964bb4bd1b29711599e33778f741b9144b5dc6d04525b641eafe943f6d1,,Public federal statistical data. Use final/revised releases when available and retain release status from the downloaded file.,https://nces.ed.gov/ipeds/help/complete-data-files
ipeds_employees_by_assigned_position_dictionary,"U.S. Department of Education, National Center for Education Statistics",https://nces.ed.gov/ipeds/datacenter/data/EAP2022_Dict.zip,EAP2022_Dict.zip,2022,2026-08-26T13:22:22+00:00,53826,26cdd28023a8cdee99f35dfa7b01c4e0e84ab70b30b62b6d07d89350e5c8767c,,Public federal statistical data. Use final/revised releases when available and retain release status from the downloaded file.,https://nces.ed.gov/ipeds/help/complete-data-files
ipeds_employees_by_assigned_position_dictionary,"U.S. Department of Education, National Center for Education Statistics",https://nces.ed.gov/ipeds/datacenter/data/EAP2023_Dict.zip,EAP2023_Dict.zip,2023,2026-08-26T13:22:26+00:00,32307,78bd12d910de3cae77de07f590eeb558509bfa7d3506efa0f23e4c47edb48ed9,,Public federal statistical data. Use final/revised releases when available and retain release status from the downloaded file.,https://nces.ed.gov/ipeds/help/complete-data-files
ipeds_enrollment,"U.S. Department of Education, National Center for Education Statistics",https://nces.ed.gov/ipeds/datacenter/data/EF2008A.zip,EF2008A.zip,2008,2026-08-26T13:21:28+00:00,8236450,4083850707c2f46cf53987a4b9bdb0640547c2c7fd2445e7912ba88d4cc6ff71,,Public federal statistical data. Use final/revised releases when available and retain release status from the downloaded file.,https://nces.ed.gov/ipeds/help/complete-data-files
ipeds_enrollment,"U.S. Department of Education, National Center for Education Statistics",https://nces.ed.gov/ipeds/datacenter/data/EF2009A.zip,EF2009A.zip,2009,2026-08-26T13:21:31+00:00,8518088,b54395899c93eda37b7f0ef7688a0ed6577ff7ff6a1092625236c2f8e88f091a,,Public federal statistical data. Use final/revised releases when available and retain release status from the downloaded file.,https://nces.ed.gov/ipeds/help/complete-data-files
ipeds_enrollment,"U.S. Department of Education, National Center for Education Statistics",https://nces.ed.gov/ipeds/datacenter/data/EF2010A.zip,EF2010A.zip,2010,2026-08-26T13:21:34+00:00,7696906,ce1ac8c718701b13de7215535d147474c9f0dd4585143fc0bc9f1204b3ab183b,,Public federal statistical data. Use final/revised releases when available and retain release status from the downloaded file.,https://nces.ed.gov/ipeds/help/complete-data-files
ipeds_enrollment,"U.S. Department of Education, National Center for Education Statistics",https://nces.ed.gov/ipeds/datacenter/data/EF2011A.zip,EF2011A.zip,2011,2026-08-26T13:21:38+00:00,7004924,ed553d8daa1b680944f6d610c8fff61af5764b93faae34af70de8dacab9a1e07,,Public federal statistical data. Use final/revised releases when available and retain release status from the downloaded file.,https://nces.ed.gov/ipeds/help/complete-data-files
ipeds_enrollment,"U.S. Department of Education, National Center for Education Statistics",https://nces.ed.gov/ipeds/datacenter/data/EF2012A.zip,EF2012A.zip,2012,2026-08-26T13:21:41+00:00,6762600,086020356da193d8bab52a83747b6979f6153922561c0479f6c865e7b6e54126,,Public federal statistical data. Use final/revised releases when available and retain release status from the downloaded file.,https://nces.ed.gov/ipeds/help/complete-data-files
ipeds_enrollment,"U.S. Department of Education, National Center for Education Statistics",https://nces.ed.gov/ipeds/datacenter/data/EF2013A.zip,EF2013A.zip,2013,2026-08-26T13:21:45+00:00,7004255,7f6c30cf87d1ad6e1fbf3c293a18d71b28ef147892d7a7e58a682e2d0dd79fab,,Public federal statistical data. Use final/revised releases when available and retain release status from the downloaded file.,https://nces.ed.gov/ipeds/help/complete-data-files
ipeds_enrollment,"U.S. Department of Education, National Center for Education Statistics",https://nces.ed.gov/ipeds/datacenter/data/EF2014A.zip,EF2014A.zip,2014,2026-08-26T13:21:49+00:00,7408774,1d8d7b463fa983449ebf8483f806bb0cbc27f85f58f296e36caa8bd425c23e44,,Public federal statistical data. Use final/revised releases when available and retain release status from the downloaded file.,https://nces.ed.gov/ipeds/help/complete-data-files
ipeds_enrollment,"U.S. Department of Education, National Center for Education Statistics",https://nces.ed.gov/ipeds/datacenter/data/EF2015A.zip,EF2015A.zip,2015,2026-08-26T13:21:53+00:00,7290885,aa2aa959f25b77a872cfcd411faa78e55071dac38de7f7f4284957fcc2d04d69,,Public federal statistical data. Use final/revised releases when available and retain release status from the downloaded file.,https://nces.ed.gov/ipeds/help/complete-data-files
ipeds_enrollment,"U.S. Department of Education, National Center for Education Statistics",https://nces.ed.gov/ipeds/datacenter/data/EF2016A.zip,EF2016A.zip,2016,2026-08-26T13:21:57+00:00,7066664,2010227f9af62ef7cd0aa8ffa2d0f62263927d01fb271e5897f27511a6b8ec6b,,Public federal statistical data. Use final/revised releases when available and retain release status from the downloaded file.,https://nces.ed.gov/ipeds/help/complete-data-files
ipeds_enrollment,"U.S. Department of Education, National Center for Education Statistics",https://nces.ed.gov/ipeds/datacenter/data/EF2017A.zip,EF2017A.zip,2017,2026-08-26T13:22:01+00:00,6624793,13acf4b18c18daf475e80e41751d349bf11650ea1997f981fd6bd30d75cf3d6a,,Public federal statistical data. Use final/revised releases when available and retain release status from the downloaded file.,https://nces.ed.gov/ipeds/help/complete-data-files
ipeds_enrollment,"U.S. Department of Education, National Center for Education Statistics",https://nces.ed.gov/ipeds/datacenter/data/EF2018A.zip,EF2018A.zip,2018,2026-08-26T13:22:05+00:00,6046636,f20968bd2f8ee651b73da7bbdbaa6d179dc4d81533c9f212a51a89b90238a133,,Public federal statistical data. Use final/revised releases when available and retain release status from the downloaded file.,https://nces.ed.gov/ipeds/help/complete-data-files
ipeds_enrollment,"U.S. Department of Education, National Center for Education Statistics",https://nces.ed.gov/ipeds/datacenter/data/EF2019A.zip,EF2019A.zip,2019,2026-08-26T13:22:10+00:00,5956711,6ad08d19451a5a777acff44623f992a250a730fc30388da73b1b74be418b3c24,,Public federal statistical data. Use final/revised releases when available and retain release status from the downloaded file.,https://nces.ed.gov/ipeds/help/complete-data-files
ipeds_enrollment,"U.S. Department of Education, National Center for Education Statistics",https://nces.ed.gov/ipeds/datacenter/data/EF2020A.zip,EF2020A.zip,2020,2026-08-26T13:22:13+00:00,5816116,f7086937139d987b71bbba5cfab1de367fe970ee8076cb0899dec7e5a050adb2,,Public federal statistical data. Use final/revised releases when available and retain release status from the downloaded file.,https://nces.ed.gov/ipeds/help/complete-data-files
ipeds_enrollment,"U.S. Department of Education, National Center for Education Statistics",https://nces.ed.gov/ipeds/datacenter/data/EF2021A.zip,EF2021A.zip,2021,2026-08-26T13:22:17+00:00,5750494,b6f933f7d9f95c406d96f8642e0f31b1d2b0685bdf015f429ce62ccadab40ca6,,Public federal statistical data. Use final/revised releases when available and retain release status from the downloaded file.,https://nces.ed.gov/ipeds/help/complete-data-files
ipeds_enrollment,"U.S. Department of Education, National Center for Education Statistics",https://nces.ed.gov/ipeds/datacenter/data/EF2022A.zip,EF2022A.zip,2022,2026-08-26T13:22:21+00:00,6000331,971fe8fad82ca03fbb1a72938fd7b2798176083734a100b6186d79bb537a0aba,,Public federal statistical data. Use final/revised releases when available and retain release status from the downloaded file.,https://nces.ed.gov/ipeds/help/complete-data-files
ipeds_enrollment,"U.S. Department of Education, National Center for Education Statistics",https://nces.ed.gov/ipeds/datacenter/data/EF2023A.zip,EF2023A.zip,2023,2026-08-26T13:22:25+00:00,2979525,d1fbd91cbda965e6bf75b9167825ec121d9ebf218ef7bc164276ef0443290237,,Public federal statistical data. Use final/revised releases when available and retain release status from the downloaded file.,https://nces.ed.gov/ipeds/help/complete-data-files
ipeds_enrollment_dictionary,"U.S. Department of Education, National Center for Education Statistics",https://nces.ed.gov/ipeds/datacenter/data/EF2008A_Dict.zip,EF2008A_Dict.zip,2008,2026-08-26T13:21:29+00:00,46379,e8f1451a56318e80e3e0ad79ce8c54cfebc2a9b1491084613a625f2ccc084b70,,Public federal statistical data. Use final/revised releases when available and retain release status from the downloaded file.,https://nces.ed.gov/ipeds/help/complete-data-files
ipeds_enrollment_dictionary,"U.S. Department of Education, National Center for Education Statistics",https://nces.ed.gov/ipeds/datacenter/data/EF2009A_Dict.zip,EF2009A_Dict.zip,2009,2026-08-26T13:21:32+00:00,23322,190ed13d14809086e8c52a94744bee48f1fddf4ccf88124655fc0a39e70a874a,,Public federal statistical data. Use final/revised releases when available and retain release status from the downloaded file.,https://nces.ed.gov/ipeds/help/complete-data-files
ipeds_enrollment_dictionary,"U.S. Department of Education, National Center for Education Statistics",https://nces.ed.gov/ipeds/datacenter/data/EF2010A_Dict.zip,EF2010A_Dict.zip,2010,2026-08-26T13:21:35+00:00,18318,60f5f44fc0f4fde445f4d6ad28e6e2f63623dea92bfca343030420d9aced0c36,,Public federal statistical data. Use final/revised releases when available and retain release status from the downloaded file.,https://nces.ed.gov/ipeds/help/complete-data-files
ipeds_enrollment_dictionary,"U.S. Department of Education, National Center for Education Statistics",https://nces.ed.gov/ipeds/datacenter/data/EF2011A_Dict.zip,EF2011A_Dict.zip,2011,2026-08-26T13:21:38+00:00,20589,ad301a8cf6d112bfb70a1b22e431c834accb7b72e042e79ab924b7df36209cb8,,Public federal statistical data. Use final/revised releases when available and retain release status from the downloaded file.,https://nces.ed.gov/ipeds/help/complete-data-files
ipeds_enrollment_dictionary,"U.S. Department of Education, National Center for Education Statistics",https://nces.ed.gov/ipeds/datacenter/data/EF2012A_Dict.zip,EF2012A_Dict.zip,2012,2026-08-26T13:21:42+00:00,33901,aa61ad3438814228e7bf2b1227b913c5c979b78c95b7c36d11c29afc533b4382,,Public federal statistical data. Use final/revised releases when available and retain release status from the downloaded file.,https://nces.ed.gov/ipeds/help/complete-data-files
ipeds_enrollment_dictionary,"U.S. Department of Education, National Center for Education Statistics",https://nces.ed.gov/ipeds/datacenter/data/EF2013A_Dict.zip,EF2013A_Dict.zip,2013,2026-08-26T13:21:46+00:00,32319,f2448c52c6f05b8f82f863cfac3132ec5cb24c98079f0dc78ab88bf13a99c66b,,Public federal statistical data. Use final/revised releases when available and retain release status from the downloaded file.,https://nces.ed.gov/ipeds/help/complete-data-files
ipeds_enrollment_dictionary,"U.S. Department of Education, National Center for Education Statistics",https://nces.ed.gov/ipeds/datacenter/data/EF2014A_Dict.zip,EF2014A_Dict.zip,2014,2026-08-26T13:21:50+00:00,31295,9f2b3b6b0c585a3c7c8805cfe445a2a242fde70c10bd5eca3e6bc1c41cfb325a,,Public federal statistical data. Use final/revised releases when available and retain release status from the downloaded file.,https://nces.ed.gov/ipeds/help/complete-data-files
ipeds_enrollment_dictionary,"U.S. Department of Education, National Center for Education Statistics",https://nces.ed.gov/ipeds/datacenter/data/EF2015A_Dict.zip,EF2015A_Dict.zip,2015,2026-08-26T13:21:54+00:00,49910,21d16e81985c1a53f642808341a3656aa75649ad1f888d4f9867f6cce7584c97,,Public federal statistical data. Use final/revised releases when available and retain release status from the downloaded file.,https://nces.ed.gov/ipeds/help/complete-data-files
ipeds_enrollment_dictionary,"U.S. Department of Education, National Center for Education Statistics",https://nces.ed.gov/ipeds/datacenter/data/EF2016A_Dict.zip,EF2016A_Dict.zip,2016,2026-08-26T13:21:58+00:00,46796,734591cdff6ce94e11d790aec1a33e0d45633feaee5f1770599e29a05d79fba5,,Public federal statistical data. Use final/revised releases when available and retain release status from the downloaded file.,https://nces.ed.gov/ipeds/help/complete-data-files
ipeds_enrollment_dictionary,"U.S. Department of Education, National Center for Education Statistics",https://nces.ed.gov/ipeds/datacenter/data/EF2017A_Dict.zip,EF2017A_Dict.zip,2017,2026-08-26T13:22:02+00:00,53873,7c0a4691fa8ceaf028429192300742ec8b87641e2036f69f54e327e8f7a4e421,,Public federal statistical data. Use final/revised releases when available and retain release status from the downloaded file.,https://nces.ed.gov/ipeds/help/complete-data-files
ipeds_enrollment_dictionary,"U.S. Department of Education, National Center for Education Statistics",https://nces.ed.gov/ipeds/datacenter/data/EF2018A_Dict.zip,EF2018A_Dict.zip,2018,2026-08-26T13:22:06+00:00,57456,1a6d3df215c0955f7d82c883f126c23764ea96530da1acde2c4b494e7e6f8729,,Public federal statistical data. Use final/revised releases when available and retain release status from the downloaded file.,https://nces.ed.gov/ipeds/help/complete-data-files
ipeds_enrollment_dictionary,"U.S. Department of Education, National Center for Education Statistics",https://nces.ed.gov/ipeds/datacenter/data/EF2019A_Dict.zip,EF2019A_Dict.zip,2019,2026-08-26T13:22:10+00:00,56225,13974d784f123de116866c09bf002c6e6ade44367aad8548bcd115598d9f05cd,,Public federal statistical data. Use final/revised releases when available and retain release status from the downloaded file.,https://nces.ed.gov/ipeds/help/complete-data-files
ipeds_enrollment_dictionary,"U.S. Department of Education, National Center for Education Statistics",https://nces.ed.gov/ipeds/datacenter/data/EF2020A_Dict.zip,EF2020A_Dict.zip,2020,2026-08-26T13:22:14+00:00,56440,e166c12678626e7c47767c22f56a0b89ccf50a4034984c0e4473fd4b04954172,,Public federal statistical data. Use final/revised releases when available and retain release status from the downloaded file.,https://nces.ed.gov/ipeds/help/complete-data-files
ipeds_enrollment_dictionary,"U.S. Department of Education, National Center for Education Statistics",https://nces.ed.gov/ipeds/datacenter/data/EF2021A_Dict.zip,EF2021A_Dict.zip,2021,2026-08-26T13:22:18+00:00,51439,656233779f74ca4e7f634d1b8dc60ee1e27ec9184a687d8d41260d67895ae491,,Public federal statistical data. Use final/revised releases when available and retain release status from the downloaded file.,https://nces.ed.gov/ipeds/help/complete-data-files
ipeds_enrollment_dictionary,"U.S. Department of Education, National Center for Education Statistics",https://nces.ed.gov/ipeds/datacenter/data/EF2022A_Dict.zip,EF2022A_Dict.zip,2022,2026-08-26T13:22:21+00:00,40291,4746c57d45e4c8fc589937e25b159b59605c5848383ee9aa5f90e8e9a39a93e8,,Public federal statistical data. Use final/revised releases when available and retain release status from the downloaded file.,https://nces.ed.gov/ipeds/help/complete-data-files
ipeds_enrollment_dictionary,"U.S. Department of Education, National Center for Education Statistics",https://nces.ed.gov/ipeds/datacenter/data/EF2023A_Dict.zip,EF2023A_Dict.zip,2023,2026-08-26T13:22:25+00:00,26056,bf3c489ba9d112243ceac85f51db0eff32dc1bebed725abfcb0b3bdd177dea6c,,Public federal statistical data. Use final/revised releases when available and retain release status from the downloaded file.,https://nces.ed.gov/ipeds/help/complete-data-files
ipeds_finance_private_nonprofit,"U.S. Department of Education, National Center for Education Statistics",https://nces.ed.gov/ipeds/datacenter/data/F0708_F2.zip,F0708_F2.zip,2008,2026-08-26T13:21:30+00:00,1175029,e487a3252bdddab67382438a83f0f0b82d1fe0b06fdd67f63264bae68939ab61,,Public federal statistical data. Use final/revised releases when available and retain release status from the downloaded file.,https://nces.ed.gov/ipeds/help/complete-data-files
ipeds_finance_private_nonprofit,"U.S. Department of Education, National Center for Education Statistics",https://nces.ed.gov/ipeds/datacenter/data/F0809_F2.zip,F0809_F2.zip,2009,2026-08-26T13:21:33+00:00,1318066,fdd443210a248dfcf638fd11909e61d7dedbf68c91c26f1ba989a5bf1ad78c17,,Public federal statistical data. Use final/revised releases when available and retain release status from the downloaded file.,https://nces.ed.gov/ipeds/help/complete-data-files
ipeds_finance_private_nonprofit,"U.S. Department of Education, National Center for Education Statistics",https://nces.ed.gov/ipeds/datacenter/data/F0910_F2.zip,F0910_F2.zip,2010,2026-08-26T13:21:36+00:00,1512838,4cabff6c5c9d3258f88b29032d44ffc7ca8b1eb07fd7dbd97460047e93f25530,,Public federal statistical data. Use final/revised releases when available and retain release status from the downloaded file.,https://nces.ed.gov/ipeds/help/complete-data-files
ipeds_finance_private_nonprofit,"U.S. Department of Education, National Center for Education Statistics",https://nces.ed.gov/ipeds/datacenter/data/F1011_F2.zip,F1011_F2.zip,2011,2026-08-26T13:21:40+00:00,1479361,ce7659351c013835dafc6232d721d4df6366dfa5fac240586138fa904dd1f264,,Public federal statistical data. Use final/revised releases when available and retain release status from the downloaded file.,https://nces.ed.gov/ipeds/help/complete-data-files
ipeds_finance_private_nonprofit,"U.S. Department of Education, National Center for Education Statistics",https://nces.ed.gov/ipeds/datacenter/data/F1112_F2.zip,F1112_F2.zip,2012,2026-08-26T13:21:43+00:00,1404483,1cd778ae69098a6437fdf2c80a49e798cdc6c91908088453e71abd2283ab2512,,Public federal statistical data. Use final/revised releases when available and retain release status from the downloaded file.,https://nces.ed.gov/ipeds/help/complete-data-files
ipeds_finance_private_nonprofit,"U.S. Department of Education, National Center for Education Statistics",https://nces.ed.gov/ipeds/datacenter/data/F1213_F2.zip,F1213_F2.zip,2013,2026-08-26T13:21:47+00:00,1433378,04b3a2a2af2be3382a00dc2418f48b21a1ef723e451bdc1739c71fb70091d723,,Public federal statistical data. Use final/revised releases when available and retain release status from the downloaded file.,https://nces.ed.gov/ipeds/help/complete-data-files
ipeds_finance_private_nonprofit,"U.S. Department of Education, National Center for Education Statistics",https://nces.ed.gov/ipeds/datacenter/data/F1314_F2.zip,F1314_F2.zip,2014,2026-08-26T13:21:51+00:00,1536534,a2d560d0e217a65d6b046864e2e74a75cb0fac02bd540a658f52c4359729d512,,Public federal statistical data. Use final/revised releases when available and retain release status from the downloaded file.,https://nces.ed.gov/ipeds/help/complete-data-files
ipeds_finance_private_nonprofit,"U.S. Department of Education, National Center for Education Statistics",https://nces.ed.gov/ipeds/datacenter/data/F1415_F2.zip,F1415_F2.zip,2015,2026-08-26T13:21:55+00:00,1560760,bf9122ed6b5d54868f37c68a5645ea20dc984b791231715e9d2e5f75d8e73add,,Public federal statistical data. Use final/revised releases when available and retain release status from the downloaded file.,https://nces.ed.gov/ipeds/help/complete-data-files
ipeds_finance_private_nonprofit,"U.S. Department of Education, National Center for Education Statistics",https://nces.ed.gov/ipeds/datacenter/data/F1516_F2.zip,F1516_F2.zip,2016,2026-08-26T13:21:59+00:00,1176787,4b7dccea636cae5e514076ff3a6c519fb4791b92423c7f937d895b376729c50f,,Public federal statistical data. Use final/revised releases when available and retain release status from the downloaded file.,https://nces.ed.gov/ipeds/help/complete-data-files
ipeds_finance_private_nonprofit,"U.S. Department of Education, National Center for Education Statistics",https://nces.ed.gov/ipeds/datacenter/data/F1617_F2.zip,F1617_F2.zip,2017,2026-08-26T13:22:03+00:00,1104671,5bc123cf3c27c51f7671a8e8d0d1b326c5ac9bbb93a249a0489a6704fd1d2c58,,Public federal statistical data. Use final/revised releases when available and retain release status from the downloaded file.,https://nces.ed.gov/ipeds/help/complete-data-files
ipeds_finance_private_nonprofit,"U.S. Department of Education, National Center for Education Statistics",https://nces.ed.gov/ipeds/datacenter/data/F1718_F2.zip,F1718_F2.zip,2018,2026-08-26T13:22:07+00:00,1022764,3dac24d94f4b2207046bff3e901d8d7c6d4a92cfd534ed70685f37a38e44f55b,,Public federal statistical data. Use final/revised releases when available and retain release status from the downloaded file.,https://nces.ed.gov/ipeds/help/complete-data-files
ipeds_finance_private_nonprofit,"U.S. Department of Education, National Center for Education Statistics",https://nces.ed.gov/ipeds/datacenter/data/F1819_F2.zip,F1819_F2.zip,2019,2026-08-26T13:22:11+00:00,1013120,1c7cc77277bfc85b50981cbe5fa1c33d21618e029e2581457801813ea21b50ed,,Public federal statistical data. Use final/revised releases when available and retain release status from the downloaded file.,https://nces.ed.gov/ipeds/help/complete-data-files
ipeds_finance_private_nonprofit,"U.S. Department of Education, National Center for Education Statistics",https://nces.ed.gov/ipeds/datacenter/data/F1920_F2.zip,F1920_F2.zip,2020,2026-08-26T13:22:15+00:00,1144147,05a1c99d5e6575db558f4c8adc487fa61ee72006fd5e3541cf1fd2d28f663f6e,,Public federal statistical data. Use final/revised releases when available and retain release status from the downloaded file.,https://nces.ed.gov/ipeds/help/complete-data-files
ipeds_finance_private_nonprofit,"U.S. Department of Education, National Center for Education Statistics",https://nces.ed.gov/ipeds/datacenter/data/F2021_F2.zip,F2021_F2.zip,2021,2026-08-26T13:22:19+00:00,1147312,eecbed183e3e1c0186209296d7c0f00d721a3e19017d3d369cabe6a09a4bb478,,Public federal statistical data. Use final/revised releases when available and retain release status from the downloaded file.,https://nces.ed.gov/ipeds/help/complete-data-files
ipeds_finance_private_nonprofit,"U.S. Department of Education, National Center for Education Statistics",https://nces.ed.gov/ipeds/datacenter/data/F2122_F2.zip,F2122_F2.zip,2022,2026-08-26T13:22:23+00:00,1139868,669a1863a39e03e4ea50ee120ca443e1995d05ad9cb2aea6cba546b39886bec9,,Public federal statistical data. Use final/revised releases when available and retain release status from the downloaded file.,https://nces.ed.gov/ipeds/help/complete-data-files
ipeds_finance_private_nonprofit,"U.S. Department of Education, National Center for Education Statistics",https://nces.ed.gov/ipeds/datacenter/data/F2223_F2.zip,F2223_F2.zip,2023,2026-08-26T13:22:27+00:00,560124,87d7d5768903d9dda56126822f6baca95f483b232ff20e11a0fa2df6cc5c565f,,Public federal statistical data. Use final/revised releases when available and retain release status from the downloaded file.,https://nces.ed.gov/ipeds/help/complete-data-files
ipeds_finance_private_nonprofit_dictionary,"U.S. Department of Education, National Center for Education Statistics",https://nces.ed.gov/ipeds/datacenter/data/F0708_F2_Dict.zip,F0708_F2_Dict.zip,2008,2026-08-26T13:21:31+00:00,70830,beb5b6a865f6105c9df0029ff46cc7cb8ffc27cf75b33a5a8e311536857a07f7,,Public federal statistical data. Use final/revised releases when available and retain release status from the downloaded file.,https://nces.ed.gov/ipeds/help/complete-data-files
ipeds_finance_private_nonprofit_dictionary,"U.S. Department of Education, National Center for Education Statistics",https://nces.ed.gov/ipeds/datacenter/data/F0809_F2_Dict.zip,F0809_F2_Dict.zip,2009,2026-08-26T13:21:33+00:00,54840,b36fd71fec8af11aec252b1e6fdd740445cd2ce3494dbf50b92bb166f09d4dd5,,Public federal statistical data. Use final/revised releases when available and retain release status from the downloaded file.,https://nces.ed.gov/ipeds/help/complete-data-files
ipeds_finance_private_nonprofit_dictionary,"U.S. Department of Education, National Center for Education Statistics",https://nces.ed.gov/ipeds/datacenter/data/F0910_F2_Dict.zip,F0910_F2_Dict.zip,2010,2026-08-26T13:21:37+00:00,52003,a7a3b2d1d16150a592a975fb99116cbf3669ad2af1c56a59f6070c2ab5a144df,,Public federal statistical data. Use final/revised releases when available and retain release status from the downloaded file.,https://nces.ed.gov/ipeds/help/complete-data-files
ipeds_finance_private_nonprofit_dictionary,"U.S. Department of Education, National Center for Education Statistics",https://nces.ed.gov/ipeds/datacenter/data/F1011_F2_Dict.zip,F1011_F2_Dict.zip,2011,2026-08-26T13:21:40+00:00,53120,6e09adcf2bce9a14ecde01c584b5c36ac120400a9136385678803b75270e4cef,,Public federal statistical data. Use final/revised releases when available and retain release status from the downloaded file.,https://nces.ed.gov/ipeds/help/complete-data-files
ipeds_finance_private_nonprofit_dictionary,"U.S. Department of Education, National Center for Education Statistics",https://nces.ed.gov/ipeds/datacenter/data/F1112_F2_Dict.zip,F1112_F2_Dict.zip,2012,2026-08-26T13:21:44+00:00,70307,bac7b4ed119bea0f75c843a234d7bab71d7439e81dc3486ac1720b1d9f2b7138,,Public federal statistical data. Use final/revised releases when available and retain release status from the downloaded file.,https://nces.ed.gov/ipeds/help/complete-data-files
ipeds_finance_private_nonprofit_dictionary,"U.S. Department of Education, National Center for Education Statistics",https://nces.ed.gov/ipeds/datacenter/data/F1213_F2_Dict.zip,F1213_F2_Dict.zip,2013,2026-08-26T13:21:48+00:00,71421,c7fc3e934c0a7a9d666489ccdcaadae859514ffc44c87ff8ae19d4eed6f413e2,,Public federal statistical data. Use final/revised releases when available and retain release status from the downloaded file.,https://nces.ed.gov/ipeds/help/complete-data-files
ipeds_finance_private_nonprofit_dictionary,"U.S. Department of Education, National Center for Education Statistics",https://nces.ed.gov/ipeds/datacenter/data/F1314_F2_Dict.zip,F1314_F2_Dict.zip,2014,2026-08-26T13:21:52+00:00,80785,87e70716240ac4d13bdf766b45c991a72425241e753ae7d7b3538f6ee14933b5,,Public federal statistical data. Use final/revised releases when available and retain release status from the downloaded file.,https://nces.ed.gov/ipeds/help/complete-data-files
ipeds_finance_private_nonprofit_dictionary,"U.S. Department of Education, National Center for Education Statistics",https://nces.ed.gov/ipeds/datacenter/data/F1415_F2_Dict.zip,F1415_F2_Dict.zip,2015,2026-08-26T13:21:56+00:00,86961,ec20823657d68edc115eb978cc29db837a01d0c272424a2cb088ceabd5c6441f,,Public federal statistical data. Use final/revised releases when available and retain release status from the downloaded file.,https://nces.ed.gov/ipeds/help/complete-data-files
ipeds_finance_private_nonprofit_dictionary,"U.S. Department of Education, National Center for Education Statistics",https://nces.ed.gov/ipeds/datacenter/data/F1516_F2_Dict.zip,F1516_F2_Dict.zip,2016,2026-08-26T13:22:00+00:00,81719,33e1837d4ad458f4629b4364b4dd4c1c5f9a23ddfcfe24be6050714df84e0fe9,,Public federal statistical data. Use final/revised releases when available and retain release status from the downloaded file.,https://nces.ed.gov/ipeds/help/complete-data-files
ipeds_finance_private_nonprofit_dictionary,"U.S. Department of Education, National Center for Education Statistics",https://nces.ed.gov/ipeds/datacenter/data/F1617_F2_Dict.zip,F1617_F2_Dict.zip,2017,2026-08-26T13:22:04+00:00,74149,9ba426c28b01ba8ad2642d84d8ffac5cb217fdb09945791b24fce902c90b40a9,,Public federal statistical data. Use final/revised releases when available and retain release status from the downloaded file.,https://nces.ed.gov/ipeds/help/complete-data-files
ipeds_finance_private_nonprofit_dictionary,"U.S. Department of Education, National Center for Education Statistics",https://nces.ed.gov/ipeds/datacenter/data/F1718_F2_Dict.zip,F1718_F2_Dict.zip,2018,2026-08-26T13:22:09+00:00,74873,a7fb53cb48834102d87b66c64ca2a3581c4b2d9704bcb16c4eaeec4439ec2dbb,,Public federal statistical data. Use final/revised releases when available and retain release status from the downloaded file.,https://nces.ed.gov/ipeds/help/complete-data-files
ipeds_finance_private_nonprofit_dictionary,"U.S. Department of Education, National Center for Education Statistics",https://nces.ed.gov/ipeds/datacenter/data/F1819_F2_Dict.zip,F1819_F2_Dict.zip,2019,2026-08-26T13:22:12+00:00,69380,8566c4011b9804c0e2200820092dd10a720ddafe1d1f84da404dfd36fea91c75,,Public federal statistical data. Use final/revised releases when available and retain release status from the downloaded file.,https://nces.ed.gov/ipeds/help/complete-data-files
ipeds_finance_private_nonprofit_dictionary,"U.S. Department of Education, National Center for Education Statistics",https://nces.ed.gov/ipeds/datacenter/data/F1920_F2_Dict.zip,F1920_F2_Dict.zip,2020,2026-08-26T13:22:16+00:00,77320,de645f6fd28622d13588f899e22b05fdef0ee268998c558e08ee7ac44c67983d,,Public federal statistical data. Use final/revised releases when available and retain release status from the downloaded file.,https://nces.ed.gov/ipeds/help/complete-data-files
ipeds_finance_private_nonprofit_dictionary,"U.S. Department of Education, National Center for Education Statistics",https://nces.ed.gov/ipeds/datacenter/data/F2021_F2_Dict.zip,F2021_F2_Dict.zip,2021,2026-08-26T13:22:20+00:00,65387,4020e3d862011cdde881e222db8ab609254a190fe678caf4cc901038586607b3,,Public federal statistical data. Use final/revised releases when available and retain release status from the downloaded file.,https://nces.ed.gov/ipeds/help/complete-data-files
ipeds_finance_private_nonprofit_dictionary,"U.S. Department of Education, National Center for Education Statistics",https://nces.ed.gov/ipeds/datacenter/data/F2122_F2_Dict.zip,F2122_F2_Dict.zip,2022,2026-08-26T13:22:24+00:00,71995,cee3a443e355fa1376c1b6f817d0acd7690ef2f00a7ca3d82296af739599eec1,,Public federal statistical data. Use final/revised releases when available and retain release status from the downloaded file.,https://nces.ed.gov/ipeds/help/complete-data-files
ipeds_finance_private_nonprofit_dictionary,"U.S. Department of Education, National Center for Education Statistics",https://nces.ed.gov/ipeds/datacenter/data/F2223_F2_Dict.zip,F2223_F2_Dict.zip,2023,2026-08-26T13:22:27+00:00,50072,659202702d87faa08a941346647f79f9cc0cda620d76deccc7ae1fb1109b08b2,,Public federal statistical data. Use final/revised releases when available and retain release status from the downloaded file.,https://nces.ed.gov/ipeds/help/complete-data-files
ipeds_finance_public,"U.S. Department of Education, National Center for Education Statistics",https://nces.ed.gov/ipeds/datacenter/data/F0708_F1A.zip,F0708_F1A.zip,2008,2026-08-26T13:21:29+00:00,1843527,1271c622bc3233e9d6bad359ceba11d24eb5eac0f99cb91ad7883464b4b02273,,Public federal statistical data. Use final/revised releases when available and retain release status from the downloaded file.,https://nces.ed.gov/ipeds/help/complete-data-files
ipeds_finance_public,"U.S. Department of Education, National Center for Education Statistics",https://nces.ed.gov/ipeds/datacenter/data/F0809_F1A.zip,F0809_F1A.zip,2009,2026-08-26T13:21:32+00:00,1806394,693dadecebe406c49d450abef79952fbf8c079b55271bc419eccb4f7fbbad5ee,,Public federal statistical data. Use final/revised releases when available and retain release status from the downloaded file.,https://nces.ed.gov/ipeds/help/complete-data-files
ipeds_finance_public,"U.S. Department of Education, National Center for Education Statistics",https://nces.ed.gov/ipeds/datacenter/data/F0910_F1A.zip,F0910_F1A.zip,2010,2026-08-26T13:21:35+00:00,1714440,e52d16f1c12b2ea0cf02dddaad0ed68e0f4f6873ed7c420f4583dfc8a989dfdb,,Public federal statistical data. Use final/revised releases when available and retain release status from the downloaded file.,https://nces.ed.gov/ipeds/help/complete-data-files
ipeds_finance_public,"U.S. Department of Education, National Center for Education Statistics",https://nces.ed.gov/ipeds/datacenter/data/F1011_F1A.zip,F1011_F1A.zip,2011,2026-08-26T13:21:39+00:00,1676806,29943c88fcf622c22138f2f9d1ae68125edc372e7f29b2b6263777501742fcf2,,Public federal statistical data. Use final/revised releases when available and retain release status from the downloaded file.,https://nces.ed.gov/ipeds/help/complete-data-files
ipeds_finance_public,"U.S. Department of Education, National Center for Education Statistics",https://nces.ed.gov/ipeds/datacenter/data/F1112_F1A.zip,F1112_F1A.zip,2012,2026-08-26T13:21:43+00:00,1580289,d2a74c41c6dbbaa830b53a7af75a298cea524e8426a8f1888e0931e801d95efb,,Public federal statistical data. Use final/revised releases when available and retain release status from the downloaded file.,https://nces.ed.gov/ipeds/help/complete-data-files
ipeds_finance_public,"U.S. Department of Education, National Center for Education Statistics",https://nces.ed.gov/ipeds/datacenter/data/F1213_F1A.zip,F1213_F1A.zip,2013,2026-08-26T13:21:46+00:00,1604644,761c8854839b5c460d8ec1a98ddaed9e335d6ad26e5a9cd6eb95f6bee4db9be9,,Public federal statistical data. Use final/revised releases when available and retain release status from the downloaded file.,https://nces.ed.gov/ipeds/help/complete-data-files
ipeds_finance_public,"U.S. Department of Education, National Center for Education Statistics",https://nces.ed.gov/ipeds/datacenter/data/F1314_F1A.zip,F1314_F1A.zip,2014,2026-08-26T13:21:50+00:00,1720059,4b4e16f7011a801eb19d8b9380a6e67fbf7de9f7cc66e5bfa005b5b344e4c4e5,,Public federal statistical data. Use final/revised releases when available and retain release status from the downloaded file.,https://nces.ed.gov/ipeds/help/complete-data-files
ipeds_finance_public,"U.S. Department of Education, National Center for Education Statistics",https://nces.ed.gov/ipeds/datacenter/data/F1415_F1A.zip,F1415_F1A.zip,2015,2026-08-26T13:21:55+00:00,1788649,75b1de7cb8aa6dbf91d2a6b5a309a2bacd0a92d8fa08d8b18061c9e0fc27441e,,Public federal statistical data. Use final/revised releases when available and retain release status from the downloaded file.,https://nces.ed.gov/ipeds/help/complete-data-files
ipeds_finance_public,"U.S. Department of Education, National Center for Education Statistics",https://nces.ed.gov/ipeds/datacenter/data/F1516_F1A.zip,F1516_F1A.zip,2016,2026-08-26T13:21:59+00:00,1325059,40efb76a803b729ce8b45dc3a031312b50c0712d54c644500e1c2c4fa814a018,,Public federal statistical data. Use final/revised releases when available and retain release status from the downloaded file.,https://nces.ed.gov/ipeds/help/complete-data-files
ipeds_finance_public,"U.S. Department of Education, National Center for Education Statistics",https://nces.ed.gov/ipeds/datacenter/data/F1617_F1A.zip,F1617_F1A.zip,2017,2026-08-26T13:22:02+00:00,1243489,32f5410541ad096302f60c4197c2ad1a66ba1b9befa29d17aef857ccec79129d,,Public federal statistical data. Use final/revised releases when available and retain release status from the downloaded file.,https://nces.ed.gov/ipeds/help/complete-data-files
ipeds_finance_public,"U.S. Department of Education, National Center for Education Statistics",https://nces.ed.gov/ipeds/datacenter/data/F1718_F1A.zip,F1718_F1A.zip,2018,2026-08-26T13:22:07+00:00,1174455,78de4a497375024ddecfff967975b67b9b5b8a5f45017556250027bffe07693a,,Public federal statistical data. Use final/revised releases when available and retain release status from the downloaded file.,https://nces.ed.gov/ipeds/help/complete-data-files
ipeds_finance_public,"U.S. Department of Education, National Center for Education Statistics",https://nces.ed.gov/ipeds/datacenter/data/F1819_F1A.zip,F1819_F1A.zip,2019,2026-08-26T13:22:11+00:00,1210575,208503074a67d44330be3af6d4a59cefe27d1556192d7c8a1a1d801d0b90e513,,Public federal statistical data. Use final/revised releases when available and retain release status from the downloaded file.,https://nces.ed.gov/ipeds/help/complete-data-files
ipeds_finance_public,"U.S. Department of Education, National Center for Education Statistics",https://nces.ed.gov/ipeds/datacenter/data/F1920_F1A.zip,F1920_F1A.zip,2020,2026-08-26T13:22:14+00:00,1421820,7c2d0045237d44caeadc7ba0bf883dc7a5abbf6bd0ea1ea31f86f98d9ec0eb5a,,Public federal statistical data. Use final/revised releases when available and retain release status from the downloaded file.,https://nces.ed.gov/ipeds/help/complete-data-files
ipeds_finance_public,"U.S. Department of Education, National Center for Education Statistics",https://nces.ed.gov/ipeds/datacenter/data/F2021_F1A.zip,F2021_F1A.zip,2021,2026-08-26T13:22:18+00:00,1420852,62435a2cc66c0d0f4ad38b8cb1da05325fdb6899eb6b552c1707ee5752fe951d,,Public federal statistical data. Use final/revised releases when available and retain release status from the downloaded file.,https://nces.ed.gov/ipeds/help/complete-data-files
ipeds_finance_public,"U.S. Department of Education, National Center for Education Statistics",https://nces.ed.gov/ipeds/datacenter/data/F2122_F1A.zip,F2122_F1A.zip,2022,2026-08-26T13:22:22+00:00,1431839,cfba70b98e4a765df555ff98d30b3f4073dc57c0cb056bce6b4ff930f0add90c,,Public federal statistical data. Use final/revised releases when available and retain release status from the downloaded file.,https://nces.ed.gov/ipeds/help/complete-data-files
ipeds_finance_public,"U.S. Department of Education, National Center for Education Statistics",https://nces.ed.gov/ipeds/datacenter/data/F2223_F1A.zip,F2223_F1A.zip,2023,2026-08-26T13:22:26+00:00,711679,beabdb0384f000a2fa487e7083512f880013c897d8e10bab9682f4c836687de9,,Public federal statistical data. Use final/revised releases when available and retain release status from the downloaded file.,https://nces.ed.gov/ipeds/help/complete-data-files
ipeds_finance_public_dictionary,"U.S. Department of Education, National Center for Education Statistics",https://nces.ed.gov/ipeds/datacenter/data/F0708_F1A_Dict.zip,F0708_F1A_Dict.zip,2008,2026-08-26T13:21:30+00:00,79203,8faf8266c5cf7f3525af307f570f034a1cc7dbee8bc6fc9b6f06b9c27f1dc1c9,,Public federal statistical data. Use final/revised releases when available and retain release status from the downloaded file.,https://nces.ed.gov/ipeds/help/complete-data-files
ipeds_finance_public_dictionary,"U.S. Department of Education, National Center for Education Statistics",https://nces.ed.gov/ipeds/datacenter/data/F0809_F1A_Dict.zip,F0809_F1A_Dict.zip,2009,2026-08-26T13:21:33+00:00,65093,54f03cad31eaa0c669f7b6a83f5699904abc2c3bfe3cf8a363c2c5175e6d1d0c,,Public federal statistical data. Use final/revised releases when available and retain release status from the downloaded file.,https://nces.ed.gov/ipeds/help/complete-data-files
ipeds_finance_public_dictionary,"U.S. Department of Education, National Center for Education Statistics",https://nces.ed.gov/ipeds/datacenter/data/F0910_F1A_Dict.zip,F0910_F1A_Dict.zip,2010,2026-08-26T13:21:36+00:00,50550,f953306175735d43abb755b470000c5c82b03a6b9f325c59959bb68b6fc3951d,,Public federal statistical data. Use final/revised releases when available and retain release status from the downloaded file.,https://nces.ed.gov/ipeds/help/complete-data-files
ipeds_finance_public_dictionary,"U.S. Department of Education, National Center for Education Statistics",https://nces.ed.gov/ipeds/datacenter/data/F1011_F1A_Dict.zip,F1011_F1A_Dict.zip,2011,2026-08-26T13:21:40+00:00,51012,0aecd7c807a0a680e71d87de2ace85f87861b6b8c1a5f32608707b0b35bf8702,,Public federal statistical data. Use final/revised releases when available and retain release status from the downloaded file.,https://nces.ed.gov/ipeds/help/complete-data-files
ipeds_finance_public_dictionary,"U.S. Department of Education, National Center for Education Statistics",https://nces.ed.gov/ipeds/datacenter/data/F1112_F1A_Dict.zip,F1112_F1A_Dict.zip,2012,2026-08-26T13:21:43+00:00,56091,239c5ccb95232015fdaae18f9087fa8660f32fc3d546fe9e3fd4a0781f1227a7,,Public federal statistical data. Use final/revised releases when available and retain release status from the downloaded file.,https://nces.ed.gov/ipeds/help/complete-data-files
ipeds_finance_public_dictionary,"U.S. Department of Education, National Center for Education Statistics",https://nces.ed.gov/ipeds/datacenter/data/F1213_F1A_Dict.zip,F1213_F1A_Dict.zip,2013,2026-08-26T13:21:47+00:00,70602,425d35702378ed18e0e0edc389060c6ab5a30b1f991882c7be03cceacc242380,,Public federal statistical data. Use final/revised releases when available and retain release status from the downloaded file.,https://nces.ed.gov/ipeds/help/complete-data-files
ipeds_finance_public_dictionary,"U.S. Department of Education, National Center for Education Statistics",https://nces.ed.gov/ipeds/datacenter/data/F1314_F1A_Dict.zip,F1314_F1A_Dict.zip,2014,2026-08-26T13:21:51+00:00,80890,78e8192c665054aa6d786e0ce80532073e1ca3c3a1ee236c23920b162a80fb20,,Public federal statistical data. Use final/revised releases when available and retain release status from the downloaded file.,https://nces.ed.gov/ipeds/help/complete-data-files
ipeds_finance_public_dictionary,"U.S. Department of Education, National Center for Education Statistics",https://nces.ed.gov/ipeds/datacenter/data/F1415_F1A_Dict.zip,F1415_F1A_Dict.zip,2015,2026-08-26T13:21:55+00:00,78817,1e9e392dad6227b58b755ffdd9468fa680dd01b886c6f0daee2de9b8cf7b43fc,,Public federal statistical data. Use final/revised releases when available and retain release status from the downloaded file.,https://nces.ed.gov/ipeds/help/complete-data-files
ipeds_finance_public_dictionary,"U.S. Department of Education, National Center for Education Statistics",https://nces.ed.gov/ipeds/datacenter/data/F1516_F1A_Dict.zip,F1516_F1A_Dict.zip,2016,2026-08-26T13:21:59+00:00,78828,7e6454b9072a00575fa0a5b5159f80718ba2d4ee407e1c60229ac91423cfc100,,Public federal statistical data. Use final/revised releases when available and retain release status from the downloaded file.,https://nces.ed.gov/ipeds/help/complete-data-files
ipeds_finance_public_dictionary,"U.S. Department of Education, National Center for Education Statistics",https://nces.ed.gov/ipeds/datacenter/data/F1617_F1A_Dict.zip,F1617_F1A_Dict.zip,2017,2026-08-26T13:22:03+00:00,69323,3eee4da643a98292b66e9b63a55e146184b42466e8c748248329cd98bc7b857f,,Public federal statistical data. Use final/revised releases when available and retain release status from the downloaded file.,https://nces.ed.gov/ipeds/help/complete-data-files
ipeds_finance_public_dictionary,"U.S. Department of Education, National Center for Education Statistics",https://nces.ed.gov/ipeds/datacenter/data/F1718_F1A_Dict.zip,F1718_F1A_Dict.zip,2018,2026-08-26T13:22:07+00:00,76128,5918a70fe24e75da6df9e46697a99cad60ec7ab11a4b50eb510e321103d54b75,,Public federal statistical data. Use final/revised releases when available and retain release status from the downloaded file.,https://nces.ed.gov/ipeds/help/complete-data-files
ipeds_finance_public_dictionary,"U.S. Department of Education, National Center for Education Statistics",https://nces.ed.gov/ipeds/datacenter/data/F1819_F1A_Dict.zip,F1819_F1A_Dict.zip,2019,2026-08-26T13:22:11+00:00,68185,3a2fbd341d7790d1b7a8c2803e271c8b336789084f719bd79e238f6120e07e9c,,Public federal statistical data. Use final/revised releases when available and retain release status from the downloaded file.,https://nces.ed.gov/ipeds/help/complete-data-files
ipeds_finance_public_dictionary,"U.S. Department of Education, National Center for Education Statistics",https://nces.ed.gov/ipeds/datacenter/data/F1920_F1A_Dict.zip,F1920_F1A_Dict.zip,2020,2026-08-26T13:22:15+00:00,80748,9be4a36e8a5bdf2b5add6fbbc7138ffd43ac30d367fd944942a87fba420e0829,,Public federal statistical data. Use final/revised releases when available and retain release status from the downloaded file.,https://nces.ed.gov/ipeds/help/complete-data-files
ipeds_finance_public_dictionary,"U.S. Department of Education, National Center for Education Statistics",https://nces.ed.gov/ipeds/datacenter/data/F2021_F1A_Dict.zip,F2021_F1A_Dict.zip,2021,2026-08-26T13:22:19+00:00,69294,5e36438cabe4dc6520b1d6649c6bb3fd3da28854d2f89845adea5643b794926d,,Public federal statistical data. Use final/revised releases when available and retain release status from the downloaded file.,https://nces.ed.gov/ipeds/help/complete-data-files
ipeds_finance_public_dictionary,"U.S. Department of Education, National Center for Education Statistics",https://nces.ed.gov/ipeds/datacenter/data/F2122_F1A_Dict.zip,F2122_F1A_Dict.zip,2022,2026-08-26T13:22:23+00:00,70872,71352343582b73306e54fdf1a2e37042128778ac7259bd1c25a8ed80637b8dcd,,Public federal statistical data. Use final/revised releases when available and retain release status from the downloaded file.,https://nces.ed.gov/ipeds/help/complete-data-files
ipeds_finance_public_dictionary,"U.S. Department of Education, National Center for Education Statistics",https://nces.ed.gov/ipeds/datacenter/data/F2223_F1A_Dict.zip,F2223_F1A_Dict.zip,2023,2026-08-26T13:22:26+00:00,50453,c2d052827b48075fce820dd6dd6141055f9dd7be76f1c93d6ec1613214be576e,,Public federal statistical data. Use final/revised releases when available and retain release status from the downloaded file.,https://nces.ed.gov/ipeds/help/complete-data-files
zhang2022,Zenodo,https://zenodo.org/api/records/7126263/files/code-and-data.tar.gz/content,code-and-data.tar.gz,2022,2026-08-26T12:59:04+00:00,317870,ed022bc83b6081549b186dcce6badd747d24b172484950d61666af9928400137,md5:1a41f29c40077646c9eece9c86bd3bb1,Zenodo record is licensed CC BY 4.0.,https://zenodo.org/records/7126263
