source,year,variable,source_columns,structurally_available,institutions_nonmissing,institutions_total
GSS,2008,graduate_students,pt_tot_all_races_v|ft_tot_all_races_v,True,579,579
GSS,2008,doctoral_students,,False,0,579
GSS,2008,full_time_doctoral_students,,False,0,579
GSS,2008,research_assistants,ft_rsch_asst_all_srces_v,True,579,579
GSS,2008,doctoral_research_assistants,,False,0,579
GSS,2008,teaching_assistants,ft_tchg_asst_all_srces_v,True,579,579
GSS,2008,fellowship_students,ft_felshp_all_srces_v,True,579,579
GSS,2008,traineeship_students,ft_trneeshp_all_srces_v,True,579,579
GSS,2008,postdocs,pd_tot_all_srces_v,True,579,579
GSS,2008,federally_supported_postdocs,pd_tot_fed_all_srces_v,True,0,579
GSS,2008,nonfederally_supported_postdocs,pd_tot_nonfed_all_srces_v,True,0,579
GSS,2008,institution_supported_students,ft_tot_nonfed_inst_sup_v,True,579,579
GSS,2008,self_supported_students,ft_tot_self_sup_v,True,579,579
GSS,2008,federally_supported_students,ft_tot_fed_dod_v|ft_tot_fed_hhs_nih_v|ft_tot_fed_hhs_oth_v|ft_tot_fed_nsf_v|ft_tot_fed_doa_v|ft_tot_fed_nasa_v|ft_tot_fed_doe_v|ft_tot_fed_oth_v,True,579,579
GSS,2009,graduate_students,pt_tot_all_races_v|ft_tot_all_races_v,True,575,575
GSS,2009,doctoral_students,,False,0,575
GSS,2009,full_time_doctoral_students,,False,0,575
GSS,2009,research_assistants,ft_rsch_asst_all_srces_v,True,575,575
GSS,2009,doctoral_research_assistants,,False,0,575
GSS,2009,teaching_assistants,ft_tchg_asst_all_srces_v,True,575,575
GSS,2009,fellowship_students,ft_felshp_all_srces_v,True,575,575
GSS,2009,traineeship_students,ft_trneeshp_all_srces_v,True,575,575
GSS,2009,postdocs,pd_tot_all_srces_v,True,575,575
GSS,2009,federally_supported_postdocs,pd_tot_fed_all_srces_v,True,0,575
GSS,2009,nonfederally_supported_postdocs,pd_tot_nonfed_all_srces_v,True,0,575
GSS,2009,institution_supported_students,ft_tot_nonfed_inst_sup_v,True,575,575
GSS,2009,self_supported_students,ft_tot_self_sup_v,True,575,575
GSS,2009,federally_supported_students,ft_tot_fed_dod_v|ft_tot_fed_hhs_nih_v|ft_tot_fed_hhs_oth_v|ft_tot_fed_nsf_v|ft_tot_fed_doa_v|ft_tot_fed_nasa_v|ft_tot_fed_doe_v|ft_tot_fed_oth_v,True,575,575
GSS,2010,graduate_students,pt_tot_all_races_v|ft_tot_all_races_v,True,574,574
GSS,2010,doctoral_students,,False,0,574
GSS,2010,full_time_doctoral_students,,False,0,574
GSS,2010,research_assistants,ft_rsch_asst_all_srces_v,True,574,574
GSS,2010,doctoral_research_assistants,,False,0,574
GSS,2010,teaching_assistants,ft_tchg_asst_all_srces_v,True,574,574
GSS,2010,fellowship_students,ft_felshp_all_srces_v,True,574,574
GSS,2010,traineeship_students,ft_trneeshp_all_srces_v,True,574,574
GSS,2010,postdocs,pd_tot_all_srces_v,True,574,574
GSS,2010,federally_supported_postdocs,pd_tot_fed_all_srces_v,True,574,574
GSS,2010,nonfederally_supported_postdocs,pd_tot_nonfed_all_srces_v,True,574,574
GSS,2010,institution_supported_students,ft_tot_nonfed_inst_sup_v,True,574,574
GSS,2010,self_supported_students,ft_tot_self_sup_v,True,574,574
GSS,2010,federally_supported_students,ft_tot_fed_dod_v|ft_tot_fed_hhs_nih_v|ft_tot_fed_hhs_oth_v|ft_tot_fed_nsf_v|ft_tot_fed_doa_v|ft_tot_fed_nasa_v|ft_tot_fed_doe_v|ft_tot_fed_oth_v,True,574,574
GSS,2011,graduate_students,pt_tot_all_races_v|ft_tot_all_races_v,True,565,565
GSS,2011,doctoral_students,,False,0,565
GSS,2011,full_time_doctoral_students,,False,0,565
GSS,2011,research_assistants,ft_rsch_asst_all_srces_v,True,565,565
GSS,2011,doctoral_research_assistants,,False,0,565
GSS,2011,teaching_assistants,ft_tchg_asst_all_srces_v,True,565,565
GSS,2011,fellowship_students,ft_felshp_all_srces_v,True,565,565
GSS,2011,traineeship_students,ft_trneeshp_all_srces_v,True,565,565
GSS,2011,postdocs,pd_tot_all_srces_v,True,565,565
GSS,2011,federally_supported_postdocs,pd_tot_fed_all_srces_v,True,565,565
GSS,2011,nonfederally_supported_postdocs,pd_tot_nonfed_all_srces_v,True,565,565
GSS,2011,institution_supported_students,ft_tot_nonfed_inst_sup_v,True,565,565
GSS,2011,self_supported_students,ft_tot_self_sup_v,True,565,565
GSS,2011,federally_supported_students,ft_tot_fed_dod_v|ft_tot_fed_hhs_nih_v|ft_tot_fed_hhs_oth_v|ft_tot_fed_nsf_v|ft_tot_fed_doa_v|ft_tot_fed_nasa_v|ft_tot_fed_doe_v|ft_tot_fed_oth_v,True,565,565
GSS,2012,graduate_students,pt_tot_all_races_v|ft_tot_all_races_v,True,565,565
GSS,2012,doctoral_students,,False,0,565
GSS,2012,full_time_doctoral_students,,False,0,565
GSS,2012,research_assistants,ft_rsch_asst_all_srces_v,True,565,565
GSS,2012,doctoral_research_assistants,,False,0,565
GSS,2012,teaching_assistants,ft_tchg_asst_all_srces_v,True,565,565
GSS,2012,fellowship_students,ft_felshp_all_srces_v,True,565,565
GSS,2012,traineeship_students,ft_trneeshp_all_srces_v,True,565,565
GSS,2012,postdocs,pd_tot_all_srces_v,True,565,565
GSS,2012,federally_supported_postdocs,pd_tot_fed_all_srces_v,True,565,565
GSS,2012,nonfederally_supported_postdocs,pd_tot_nonfed_all_srces_v,True,565,565
GSS,2012,institution_supported_students,ft_tot_nonfed_inst_sup_v,True,565,565
GSS,2012,self_supported_students,ft_tot_self_sup_v,True,565,565
GSS,2012,federally_supported_students,ft_tot_fed_dod_v|ft_tot_fed_hhs_nih_v|ft_tot_fed_hhs_oth_v|ft_tot_fed_nsf_v|ft_tot_fed_doa_v|ft_tot_fed_nasa_v|ft_tot_fed_doe_v|ft_tot_fed_oth_v,True,565,565
GSS,2013,graduate_students,pt_tot_all_races_v|ft_tot_all_races_v,True,564,564
GSS,2013,doctoral_students,,False,0,564
GSS,2013,full_time_doctoral_students,,False,0,564
GSS,2013,research_assistants,ft_rsch_asst_all_srces_v,True,564,564
GSS,2013,doctoral_research_assistants,,False,0,564
GSS,2013,teaching_assistants,ft_tchg_asst_all_srces_v,True,564,564
GSS,2013,fellowship_students,ft_felshp_all_srces_v,True,564,564
GSS,2013,traineeship_students,ft_trneeshp_all_srces_v,True,564,564
GSS,2013,postdocs,pd_tot_all_srces_v,True,564,564
GSS,2013,federally_supported_postdocs,pd_tot_fed_all_srces_v,True,564,564
GSS,2013,nonfederally_supported_postdocs,pd_tot_nonfed_all_srces_v,True,564,564
GSS,2013,institution_supported_students,ft_tot_nonfed_inst_sup_v,True,564,564
GSS,2013,self_supported_students,ft_tot_self_sup_v,True,564,564
GSS,2013,federally_supported_students,ft_tot_fed_dod_v|ft_tot_fed_hhs_nih_v|ft_tot_fed_hhs_oth_v|ft_tot_fed_nsf_v|ft_tot_fed_doa_v|ft_tot_fed_nasa_v|ft_tot_fed_doe_v|ft_tot_fed_oth_v,True,564,564
GSS,2014,graduate_students,pt_tot_all_races_v|ft_tot_all_races_v,True,706,706
GSS,2014,doctoral_students,,False,0,706
GSS,2014,full_time_doctoral_students,,False,0,706
GSS,2014,research_assistants,ft_rsch_asst_all_srces_v,True,706,706
GSS,2014,doctoral_research_assistants,,False,0,706
GSS,2014,teaching_assistants,ft_tchg_asst_all_srces_v,True,706,706
GSS,2014,fellowship_students,ft_felshp_all_srces_v,True,706,706
GSS,2014,traineeship_students,ft_trneeshp_all_srces_v,True,706,706
GSS,2014,postdocs,pd_tot_all_srces_v,True,706,706
GSS,2014,federally_supported_postdocs,pd_tot_fed_all_srces_v,True,706,706
GSS,2014,nonfederally_supported_postdocs,pd_tot_nonfed_all_srces_v,True,706,706
GSS,2014,institution_supported_students,ft_tot_nonfed_inst_sup_v,True,706,706
GSS,2014,self_supported_students,ft_tot_self_sup_v,True,706,706
GSS,2014,federally_supported_students,ft_tot_fed_dod_v|ft_tot_fed_hhs_nih_v|ft_tot_fed_hhs_oth_v|ft_tot_fed_nsf_v|ft_tot_fed_doa_v|ft_tot_fed_nasa_v|ft_tot_fed_doe_v|ft_tot_fed_oth_v,True,706,706
GSS,2015,graduate_students,pt_tot_all_races_v|ft_tot_all_races_v,True,711,711
GSS,2015,doctoral_students,,False,0,711
GSS,2015,full_time_doctoral_students,,False,0,711
GSS,2015,research_assistants,ft_rsch_asst_all_srces_v,True,711,711
GSS,2015,doctoral_research_assistants,,False,0,711
GSS,2015,teaching_assistants,ft_tchg_asst_all_srces_v,True,711,711
GSS,2015,fellowship_students,ft_felshp_all_srces_v,True,711,711
GSS,2015,traineeship_students,ft_trneeshp_all_srces_v,True,711,711
GSS,2015,postdocs,pd_tot_all_srces_v,True,711,711
GSS,2015,federally_supported_postdocs,pd_tot_fed_all_srces_v,True,711,711
GSS,2015,nonfederally_supported_postdocs,pd_tot_nonfed_all_srces_v,True,711,711
GSS,2015,institution_supported_students,ft_tot_nonfed_inst_sup_v,True,711,711
GSS,2015,self_supported_students,ft_tot_self_sup_v,True,711,711
GSS,2015,federally_supported_students,ft_tot_fed_dod_v|ft_tot_fed_hhs_nih_v|ft_tot_fed_hhs_oth_v|ft_tot_fed_nsf_v|ft_tot_fed_doa_v|ft_tot_fed_nasa_v|ft_tot_fed_doe_v|ft_tot_fed_oth_v,True,711,711
GSS,2016,graduate_students,pt_tot_all_races_v|ft_tot_all_races_v,True,714,714
GSS,2016,doctoral_students,,False,0,714
GSS,2016,full_time_doctoral_students,,False,0,714
GSS,2016,research_assistants,ft_rsch_asst_all_srces_v,True,714,714
GSS,2016,doctoral_research_assistants,,False,0,714
GSS,2016,teaching_assistants,ft_tchg_asst_all_srces_v,True,714,714
GSS,2016,fellowship_students,ft_felshp_all_srces_v,True,714,714
GSS,2016,traineeship_students,ft_trneeshp_all_srces_v,True,714,714
GSS,2016,postdocs,pd_tot_all_srces_v,True,714,714
GSS,2016,federally_supported_postdocs,pd_tot_fed_all_srces_v,True,714,714
GSS,2016,nonfederally_supported_postdocs,pd_tot_nonfed_all_srces_v,True,714,714
GSS,2016,institution_supported_students,ft_tot_nonfed_inst_sup_v,True,714,714
GSS,2016,self_supported_students,ft_tot_self_sup_v,True,714,714
GSS,2016,federally_supported_students,ft_tot_fed_dod_v|ft_tot_fed_hhs_nih_v|ft_tot_fed_hhs_oth_v|ft_tot_fed_nsf_v|ft_tot_fed_doa_v|ft_tot_fed_nasa_v|ft_tot_fed_doe_v|ft_tot_fed_oth_v,True,714,714
GSS,2017,graduate_students,pt_tot_all_races_v|ft_tot_all_races_v,True,703,703
GSS,2017,doctoral_students,dr_pt_tot_all_races_v|dr_ft_tot_all_races_v,True,703,703
GSS,2017,full_time_doctoral_students,dr_ft_tot_all_races_v,True,703,703
GSS,2017,research_assistants,ft_ra_all_v,True,703,703
GSS,2017,doctoral_research_assistants,dr_ft_ra_all_v,True,703,703
GSS,2017,teaching_assistants,ft_ta_all_v,True,703,703
GSS,2017,fellowship_students,ft_fel_all_v,True,703,703
GSS,2017,traineeship_students,ft_trn_all_v,True,703,703
GSS,2017,postdocs,pd_tot_all_v,True,703,703
GSS,2017,federally_supported_postdocs,pd_tot_fed_all_v,True,703,703
GSS,2017,nonfederally_supported_postdocs,pd_tot_nfed_all_v,True,703,703
GSS,2017,institution_supported_students,ft_tot_nfed_inst_v,True,703,703
GSS,2017,self_supported_students,ft_tot_self_sup_v,True,703,703
GSS,2017,federally_supported_students,ft_tot_fed_all_v,True,703,703
GSS,2018,graduate_students,pt_tot_all_races_v|ft_tot_all_races_v,True,715,715
GSS,2018,doctoral_students,dr_pt_tot_all_races_v|dr_ft_tot_all_races_v,True,715,715
GSS,2018,full_time_doctoral_students,dr_ft_tot_all_races_v,True,715,715
GSS,2018,research_assistants,ft_ra_all_v,True,715,715
GSS,2018,doctoral_research_assistants,dr_ft_ra_all_v,True,715,715
GSS,2018,teaching_assistants,ft_ta_all_v,True,715,715
GSS,2018,fellowship_students,ft_fel_all_v,True,715,715
GSS,2018,traineeship_students,ft_trn_all_v,True,715,715
GSS,2018,postdocs,pd_tot_all_v,True,715,715
GSS,2018,federally_supported_postdocs,pd_tot_fed_all_v,True,715,715
GSS,2018,nonfederally_supported_postdocs,pd_tot_nfed_all_v,True,715,715
GSS,2018,institution_supported_students,ft_tot_nfed_inst_v,True,715,715
GSS,2018,self_supported_students,ft_tot_self_sup_v,True,715,715
GSS,2018,federally_supported_students,ft_tot_fed_all_v,True,715,715
GSS,2019,graduate_students,pt_tot_all_races_v|ft_tot_all_races_v,True,714,714
GSS,2019,doctoral_students,dr_pt_tot_all_races_v|dr_ft_tot_all_races_v,True,714,714
GSS,2019,full_time_doctoral_students,dr_ft_tot_all_races_v,True,714,714
GSS,2019,research_assistants,ft_ra_all_v,True,714,714
GSS,2019,doctoral_research_assistants,dr_ft_ra_all_v,True,714,714
GSS,2019,teaching_assistants,ft_ta_all_v,True,714,714
GSS,2019,fellowship_students,ft_fel_all_v,True,714,714
GSS,2019,traineeship_students,ft_trn_all_v,True,714,714
GSS,2019,postdocs,pd_tot_all_v,True,714,714
GSS,2019,federally_supported_postdocs,pd_tot_fed_all_v,True,714,714
GSS,2019,nonfederally_supported_postdocs,pd_tot_nfed_all_v,True,714,714
GSS,2019,institution_supported_students,ft_tot_nfed_inst_v,True,714,714
GSS,2019,self_supported_students,ft_tot_self_sup_v,True,714,714
GSS,2019,federally_supported_students,ft_tot_fed_all_v,True,714,714
GSS,2020,graduate_students,pt_tot_all_races_v|ft_tot_all_races_v,True,712,712
GSS,2020,doctoral_students,dr_pt_tot_all_races_v|dr_ft_tot_all_races_v,True,712,712
GSS,2020,full_time_doctoral_students,dr_ft_tot_all_races_v,True,712,712
GSS,2020,research_assistants,ft_ra_all_v,True,712,712
GSS,2020,doctoral_research_assistants,dr_ft_ra_all_v,True,712,712
GSS,2020,teaching_assistants,ft_ta_all_v,True,712,712
GSS,2020,fellowship_students,ft_fel_all_v,True,712,712
GSS,2020,traineeship_students,ft_trn_all_v,True,712,712
GSS,2020,postdocs,pd_tot_all_v,True,712,712
GSS,2020,federally_supported_postdocs,pd_tot_fed_all_v,True,712,712
GSS,2020,nonfederally_supported_postdocs,pd_tot_nfed_all_v,True,712,712
GSS,2020,institution_supported_students,ft_tot_nfed_inst_v,True,712,712
GSS,2020,self_supported_students,ft_tot_self_sup_v,True,712,712
GSS,2020,federally_supported_students,ft_tot_fed_all_v,True,712,712
GSS,2021,graduate_students,pt_tot_all_races_v|ft_tot_all_races_v,True,699,699
GSS,2021,doctoral_students,dr_pt_tot_all_races_v|dr_ft_tot_all_races_v,True,699,699
GSS,2021,full_time_doctoral_students,dr_ft_tot_all_races_v,True,699,699
GSS,2021,research_assistants,ft_ra_all_v,True,699,699
GSS,2021,doctoral_research_assistants,dr_ft_ra_all_v,True,699,699
GSS,2021,teaching_assistants,ft_ta_all_v,True,699,699
GSS,2021,fellowship_students,ft_fel_all_v,True,699,699
GSS,2021,traineeship_students,ft_trn_all_v,True,699,699
GSS,2021,postdocs,pd_tot_all_v,True,699,699
GSS,2021,federally_supported_postdocs,pd_tot_fed_all_v,True,699,699
GSS,2021,nonfederally_supported_postdocs,pd_tot_nfed_all_v,True,699,699
GSS,2021,institution_supported_students,ft_tot_nfed_inst_v,True,699,699
GSS,2021,self_supported_students,ft_tot_self_sup_v,True,699,699
GSS,2021,federally_supported_students,ft_tot_fed_all_v,True,699,699
GSS,2022,graduate_students,pt_tot_all_races_v|ft_tot_all_races_v,True,690,690
GSS,2022,doctoral_students,dr_pt_tot_all_races_v|dr_ft_tot_all_races_v,True,690,690
GSS,2022,full_time_doctoral_students,dr_ft_tot_all_races_v,True,690,690
GSS,2022,research_assistants,ft_ra_all_v,True,690,690
GSS,2022,doctoral_research_assistants,dr_ft_ra_all_v,True,690,690
GSS,2022,teaching_assistants,ft_ta_all_v,True,690,690
GSS,2022,fellowship_students,ft_fel_all_v,True,690,690
GSS,2022,traineeship_students,ft_trn_all_v,True,690,690
GSS,2022,postdocs,pd_tot_all_v,True,690,690
GSS,2022,federally_supported_postdocs,pd_tot_fed_all_v,True,690,690
GSS,2022,nonfederally_supported_postdocs,pd_tot_nfed_all_v,True,690,690
GSS,2022,institution_supported_students,ft_tot_nfed_inst_v,True,690,690
GSS,2022,self_supported_students,ft_tot_self_sup_v,True,690,690
GSS,2022,federally_supported_students,ft_tot_fed_all_v,True,690,690
GSS,2023,graduate_students,pt_tot_all_races_v|ft_tot_all_races_v,True,687,687
GSS,2023,doctoral_students,dr_pt_tot_all_races_v|dr_ft_tot_all_races_v,True,687,687
GSS,2023,full_time_doctoral_students,dr_ft_tot_all_races_v,True,687,687
GSS,2023,research_assistants,ft_ra_all_v,True,687,687
GSS,2023,doctoral_research_assistants,dr_ft_ra_all_v,True,687,687
GSS,2023,teaching_assistants,ft_ta_all_v,True,687,687
GSS,2023,fellowship_students,ft_fel_all_v,True,687,687
GSS,2023,traineeship_students,ft_trn_all_v,True,687,687
GSS,2023,postdocs,pd_tot_all_v,True,687,687
GSS,2023,federally_supported_postdocs,pd_tot_fed_all_v,True,687,687
GSS,2023,nonfederally_supported_postdocs,pd_tot_nfed_all_v,True,687,687
GSS,2023,institution_supported_students,ft_tot_nfed_inst_v,True,687,687
GSS,2023,self_supported_students,ft_tot_self_sup_v,True,687,687
GSS,2023,federally_supported_students,ft_tot_fed_all_v,True,687,687
GSS,2024,graduate_students,pt_tot_all_races_v|ft_tot_all_races_v,True,635,635
GSS,2024,doctoral_students,dr_pt_tot_all_races_v|dr_ft_tot_all_races_v,True,635,635
GSS,2024,full_time_doctoral_students,dr_ft_tot_all_races_v,True,635,635
GSS,2024,research_assistants,ft_ra_all_v,True,635,635
GSS,2024,doctoral_research_assistants,dr_ft_ra_all_v,True,635,635
GSS,2024,teaching_assistants,ft_ta_all_v,True,635,635
GSS,2024,fellowship_students,ft_fel_all_v,True,635,635
GSS,2024,traineeship_students,ft_trn_all_v,True,635,635
GSS,2024,postdocs,pd_tot_all_v,True,635,635
GSS,2024,federally_supported_postdocs,pd_tot_fed_all_v,True,635,635
GSS,2024,nonfederally_supported_postdocs,pd_tot_nfed_all_v,True,635,635
GSS,2024,institution_supported_students,ft_tot_nfed_inst_v,True,635,635
GSS,2024,self_supported_students,ft_tot_self_sup_v,True,635,635
GSS,2024,federally_supported_students,ft_tot_fed_all_v,True,635,635
