source,year,variable,source_rows,structurally_available,institutions_nonmissing,institutions_total
HERD,2008,business_rd_nominal_thousands,business|industry,True,497,690
HERD,2008,federal_rd_nominal_thousands,federal|federal government,True,685,690
HERD,2008,institution_rd_nominal_thousands,"institution funds|institution funds, total",True,556,690
HERD,2008,nonprofit_rd_nominal_thousands,nonprofit organizations,False,0,690
HERD,2008,other_rd_nominal_thousands,all other sources,True,495,690
HERD,2008,state_local_rd_nominal_thousands,state and local government,True,527,690
HERD,2008,total_rd_nominal_thousands,total,True,690,690
HERD,2009,business_rd_nominal_thousands,business|industry,True,508,708
HERD,2009,federal_rd_nominal_thousands,federal|federal government,True,701,708
HERD,2009,institution_rd_nominal_thousands,"institution funds|institution funds, total",True,572,708
HERD,2009,nonprofit_rd_nominal_thousands,nonprofit organizations,False,0,708
HERD,2009,other_rd_nominal_thousands,all other sources,True,504,708
HERD,2009,state_local_rd_nominal_thousands,state and local government,True,555,708
HERD,2009,total_rd_nominal_thousands,total,True,708,708
HERD,2010,business_rd_nominal_thousands,business|industry,True,534,744
HERD,2010,federal_rd_nominal_thousands,federal|federal government,True,737,744
HERD,2010,institution_rd_nominal_thousands,"institution funds|institution funds, total",True,634,744
HERD,2010,nonprofit_rd_nominal_thousands,nonprofit organizations,True,586,744
HERD,2010,other_rd_nominal_thousands,all other sources,True,269,744
HERD,2010,state_local_rd_nominal_thousands,state and local government,True,587,744
HERD,2010,total_rd_nominal_thousands,total,True,744,744
HERD,2011,business_rd_nominal_thousands,business|industry,True,610,912
HERD,2011,federal_rd_nominal_thousands,federal|federal government,True,896,912
HERD,2011,institution_rd_nominal_thousands,"institution funds|institution funds, total",True,769,912
HERD,2011,nonprofit_rd_nominal_thousands,nonprofit organizations,True,698,912
HERD,2011,other_rd_nominal_thousands,all other sources,True,284,912
HERD,2011,state_local_rd_nominal_thousands,state and local government,True,660,912
HERD,2011,total_rd_nominal_thousands,total,True,912,912
HERD,2012,business_rd_nominal_thousands,business|industry,True,606,894
HERD,2012,federal_rd_nominal_thousands,federal|federal government,True,878,894
HERD,2012,institution_rd_nominal_thousands,"institution funds|institution funds, total",True,782,894
HERD,2012,nonprofit_rd_nominal_thousands,nonprofit organizations,True,699,894
HERD,2012,other_rd_nominal_thousands,all other sources,True,291,894
HERD,2012,state_local_rd_nominal_thousands,state and local government,True,650,894
HERD,2012,total_rd_nominal_thousands,total,True,894,894
HERD,2013,business_rd_nominal_thousands,business|industry,True,573,886
HERD,2013,federal_rd_nominal_thousands,federal|federal government,True,874,886
HERD,2013,institution_rd_nominal_thousands,"institution funds|institution funds, total",True,781,886
HERD,2013,nonprofit_rd_nominal_thousands,nonprofit organizations,True,685,886
HERD,2013,other_rd_nominal_thousands,all other sources,True,410,886
HERD,2013,state_local_rd_nominal_thousands,state and local government,True,639,886
HERD,2013,total_rd_nominal_thousands,total,True,886,886
HERD,2014,business_rd_nominal_thousands,business|industry,True,580,889
HERD,2014,federal_rd_nominal_thousands,federal|federal government,True,865,889
HERD,2014,institution_rd_nominal_thousands,"institution funds|institution funds, total",True,796,889
HERD,2014,nonprofit_rd_nominal_thousands,nonprofit organizations,True,697,889
HERD,2014,other_rd_nominal_thousands,all other sources,True,430,889
HERD,2014,state_local_rd_nominal_thousands,state and local government,True,634,889
HERD,2014,total_rd_nominal_thousands,total,True,889,889
HERD,2015,business_rd_nominal_thousands,business|industry,True,588,898
HERD,2015,federal_rd_nominal_thousands,federal|federal government,True,869,898
HERD,2015,institution_rd_nominal_thousands,"institution funds|institution funds, total",True,804,898
HERD,2015,nonprofit_rd_nominal_thousands,nonprofit organizations,True,716,898
HERD,2015,other_rd_nominal_thousands,all other sources,True,445,898
HERD,2015,state_local_rd_nominal_thousands,state and local government,True,656,898
HERD,2015,total_rd_nominal_thousands,total,True,898,898
HERD,2016,business_rd_nominal_thousands,business|industry,True,591,896
HERD,2016,federal_rd_nominal_thousands,federal|federal government,True,872,896
HERD,2016,institution_rd_nominal_thousands,"institution funds|institution funds, total",True,800,896
HERD,2016,nonprofit_rd_nominal_thousands,nonprofit organizations,True,713,896
HERD,2016,other_rd_nominal_thousands,all other sources,True,466,896
HERD,2016,state_local_rd_nominal_thousands,state and local government,True,653,896
HERD,2016,total_rd_nominal_thousands,total,True,896,896
HERD,2017,business_rd_nominal_thousands,business|industry,True,585,898
HERD,2017,federal_rd_nominal_thousands,federal|federal government,True,874,898
HERD,2017,institution_rd_nominal_thousands,"institution funds|institution funds, total",True,806,898
HERD,2017,nonprofit_rd_nominal_thousands,nonprofit organizations,True,723,898
HERD,2017,other_rd_nominal_thousands,all other sources,True,474,898
HERD,2017,state_local_rd_nominal_thousands,state and local government,True,642,898
HERD,2017,total_rd_nominal_thousands,total,True,898,898
HERD,2018,business_rd_nominal_thousands,business|industry,True,585,911
HERD,2018,federal_rd_nominal_thousands,federal|federal government,True,886,911
HERD,2018,institution_rd_nominal_thousands,"institution funds|institution funds, total",True,816,911
HERD,2018,nonprofit_rd_nominal_thousands,nonprofit organizations,True,726,911
HERD,2018,other_rd_nominal_thousands,all other sources,True,476,911
HERD,2018,state_local_rd_nominal_thousands,state and local government,True,657,911
HERD,2018,total_rd_nominal_thousands,total,True,911,911
HERD,2019,business_rd_nominal_thousands,business|industry,True,590,914
HERD,2019,federal_rd_nominal_thousands,federal|federal government,True,892,914
HERD,2019,institution_rd_nominal_thousands,"institution funds|institution funds, total",True,819,914
HERD,2019,nonprofit_rd_nominal_thousands,nonprofit organizations,True,735,914
HERD,2019,other_rd_nominal_thousands,all other sources,True,489,914
HERD,2019,state_local_rd_nominal_thousands,state and local government,True,659,914
HERD,2019,total_rd_nominal_thousands,total,True,914,914
HERD,2020,business_rd_nominal_thousands,business|industry,True,579,916
HERD,2020,federal_rd_nominal_thousands,federal|federal government,True,893,916
HERD,2020,institution_rd_nominal_thousands,"institution funds|institution funds, total",True,816,916
HERD,2020,nonprofit_rd_nominal_thousands,nonprofit organizations,True,745,916
HERD,2020,other_rd_nominal_thousands,all other sources,True,479,916
HERD,2020,state_local_rd_nominal_thousands,state and local government,True,645,916
HERD,2020,total_rd_nominal_thousands,total,True,916,916
HERD,2021,business_rd_nominal_thousands,business|industry,True,569,908
HERD,2021,federal_rd_nominal_thousands,federal|federal government,True,883,908
HERD,2021,institution_rd_nominal_thousands,"institution funds|institution funds, total",True,816,908
HERD,2021,nonprofit_rd_nominal_thousands,nonprofit organizations,True,737,908
HERD,2021,other_rd_nominal_thousands,all other sources,True,479,908
HERD,2021,state_local_rd_nominal_thousands,state and local government,True,645,908
HERD,2021,total_rd_nominal_thousands,total,True,908,908
HERD,2022,business_rd_nominal_thousands,business|industry,True,566,900
HERD,2022,federal_rd_nominal_thousands,federal|federal government,True,878,900
HERD,2022,institution_rd_nominal_thousands,"institution funds|institution funds, total",True,806,900
HERD,2022,nonprofit_rd_nominal_thousands,nonprofit organizations,True,732,900
HERD,2022,other_rd_nominal_thousands,all other sources,True,482,900
HERD,2022,state_local_rd_nominal_thousands,state and local government,True,645,900
HERD,2022,total_rd_nominal_thousands,total,True,900,900
HERD,2023,business_rd_nominal_thousands,business|industry,True,573,911
HERD,2023,federal_rd_nominal_thousands,federal|federal government,True,888,911
HERD,2023,institution_rd_nominal_thousands,"institution funds|institution funds, total",True,817,911
HERD,2023,nonprofit_rd_nominal_thousands,nonprofit organizations,True,752,911
HERD,2023,other_rd_nominal_thousands,all other sources,True,505,911
HERD,2023,state_local_rd_nominal_thousands,state and local government,True,650,911
HERD,2023,total_rd_nominal_thousands,total,True,911,911
HERD,2024,business_rd_nominal_thousands,business|industry,True,554,925
HERD,2024,federal_rd_nominal_thousands,federal|federal government,True,899,925
HERD,2024,institution_rd_nominal_thousands,"institution funds|institution funds, total",True,829,925
HERD,2024,nonprofit_rd_nominal_thousands,nonprofit organizations,True,762,925
HERD,2024,other_rd_nominal_thousands,all other sources,True,497,925
HERD,2024,state_local_rd_nominal_thousands,state and local government,True,659,925
HERD,2024,total_rd_nominal_thousands,total,True,925,925
