source,year,variable,nonmissing_count,institution_count
IPEDS,2008,unitid,7126,7126
IPEDS,2008,institution_name_ipeds,7126,7126
IPEDS,2008,control,7126,7126
IPEDS,2008,degree_granting,7126,7126
IPEDS,2008,graduate_offering,7126,7126
IPEDS,2008,highest_degree_offered,7126,7126
IPEDS,2008,has_hospital,7126,7126
IPEDS,2008,grants_medical_degree,7126,7126
IPEDS,2008,carnegie_basic_2005_or_2021,7126,7126
IPEDS,2008,carnegie_2000,7126,7126
IPEDS,2008,year,7126,7126
IPEDS,2008,directory_final_revised_file,7126,7126
IPEDS,2008,total_enrollment,6886,7126
IPEDS,2008,graduate_enrollment,1968,7126
IPEDS,2008,enrollment_final_revised_file,6886,7126
IPEDS,2008,full_time_instruction_research_staff,6695,7126
IPEDS,2008,full_time_instruction_research_faculty,4407,7126
IPEDS,2008,full_time_tenured_or_tenure_track_ir_staff,2310,7126
IPEDS,2008,full_time_primarily_research_staff,383,7126
IPEDS,2008,employees_schema,6957,7126
IPEDS,2008,employees_final_revised_file,6957,7126
IPEDS,2008,total_revenue_nominal,3821,7126
IPEDS,2008,tuition_revenue_nominal,3821,7126
IPEDS,2008,federal_appropriations_nominal,3821,7126
IPEDS,2008,state_appropriations_nominal,3821,7126
IPEDS,2008,local_appropriations_nominal,3821,7126
IPEDS,2008,research_expense_nominal,3821,7126
IPEDS,2008,endowment_assets_end_nominal,2746,7126
IPEDS,2008,finance_form,3821,7126
IPEDS,2008,finance_final_revised_file,3821,7126
IPEDS,2009,unitid,7316,7316
IPEDS,2009,institution_name_ipeds,7316,7316
IPEDS,2009,control,7316,7316
IPEDS,2009,degree_granting,7316,7316
IPEDS,2009,graduate_offering,7316,7316
IPEDS,2009,highest_degree_offered,7316,7316
IPEDS,2009,has_hospital,7316,7316
IPEDS,2009,grants_medical_degree,7316,7316
IPEDS,2009,carnegie_basic_2005_or_2021,7316,7316
IPEDS,2009,carnegie_2000,7316,7316
IPEDS,2009,year,7316,7316
IPEDS,2009,directory_final_revised_file,7316,7316
IPEDS,2009,total_enrollment,6990,7316
IPEDS,2009,graduate_enrollment,2036,7316
IPEDS,2009,enrollment_final_revised_file,6990,7316
IPEDS,2009,full_time_instruction_research_staff,6789,7316
IPEDS,2009,full_time_instruction_research_faculty,4509,7316
IPEDS,2009,full_time_tenured_or_tenure_track_ir_staff,2301,7316
IPEDS,2009,full_time_primarily_research_staff,371,7316
IPEDS,2009,employees_schema,7056,7316
IPEDS,2009,employees_final_revised_file,7056,7316
IPEDS,2009,total_revenue_nominal,3844,7316
IPEDS,2009,tuition_revenue_nominal,3844,7316
IPEDS,2009,federal_appropriations_nominal,3844,7316
IPEDS,2009,state_appropriations_nominal,3844,7316
IPEDS,2009,local_appropriations_nominal,3844,7316
IPEDS,2009,research_expense_nominal,3844,7316
IPEDS,2009,endowment_assets_end_nominal,2731,7316
IPEDS,2009,finance_form,3844,7316
IPEDS,2009,finance_final_revised_file,3844,7316
IPEDS,2010,unitid,7503,7503
IPEDS,2010,institution_name_ipeds,7503,7503
IPEDS,2010,control,7503,7503
IPEDS,2010,degree_granting,7503,7503
IPEDS,2010,graduate_offering,7503,7503
IPEDS,2010,highest_degree_offered,7503,7503
IPEDS,2010,has_hospital,7503,7503
IPEDS,2010,grants_medical_degree,7503,7503
IPEDS,2010,carnegie_basic_2005_or_2021,7503,7503
IPEDS,2010,carnegie_2000,7503,7503
IPEDS,2010,year,7503,7503
IPEDS,2010,directory_final_revised_file,7503,7503
IPEDS,2010,total_enrollment,7246,7503
IPEDS,2010,graduate_enrollment,2093,7503
IPEDS,2010,enrollment_final_revised_file,7246,7503
IPEDS,2010,full_time_instruction_research_staff,7072,7503
IPEDS,2010,full_time_instruction_research_faculty,4608,7503
IPEDS,2010,full_time_tenured_or_tenure_track_ir_staff,2284,7503
IPEDS,2010,full_time_primarily_research_staff,379,7503
IPEDS,2010,employees_schema,7304,7503
IPEDS,2010,employees_final_revised_file,7304,7503
IPEDS,2010,total_revenue_nominal,3553,7503
IPEDS,2010,tuition_revenue_nominal,3874,7503
IPEDS,2010,federal_appropriations_nominal,3874,7503
IPEDS,2010,state_appropriations_nominal,3874,7503
IPEDS,2010,local_appropriations_nominal,3874,7503
IPEDS,2010,research_expense_nominal,3874,7503
IPEDS,2010,endowment_assets_end_nominal,2721,7503
IPEDS,2010,finance_form,3874,7503
IPEDS,2010,finance_final_revised_file,3874,7503
IPEDS,2011,unitid,7643,7643
IPEDS,2011,institution_name_ipeds,7643,7643
IPEDS,2011,control,7643,7643
IPEDS,2011,degree_granting,7643,7643
IPEDS,2011,graduate_offering,7643,7643
IPEDS,2011,highest_degree_offered,7643,7643
IPEDS,2011,has_hospital,7643,7643
IPEDS,2011,grants_medical_degree,7643,7643
IPEDS,2011,carnegie_basic_2005_or_2021,7643,7643
IPEDS,2011,carnegie_2000,7643,7643
IPEDS,2011,year,7643,7643
IPEDS,2011,directory_final_revised_file,7643,7643
IPEDS,2011,total_enrollment,7465,7643
IPEDS,2011,graduate_enrollment,2122,7643
IPEDS,2011,enrollment_final_revised_file,7465,7643
IPEDS,2011,full_time_instruction_research_staff,7242,7643
IPEDS,2011,full_time_instruction_research_faculty,4432,7643
IPEDS,2011,full_time_tenured_or_tenure_track_ir_staff,2259,7643
IPEDS,2011,full_time_primarily_research_staff,413,7643
IPEDS,2011,employees_schema,7501,7643
IPEDS,2011,employees_final_revised_file,7501,7643
IPEDS,2011,total_revenue_nominal,3434,7643
IPEDS,2011,tuition_revenue_nominal,3906,7643
IPEDS,2011,federal_appropriations_nominal,3906,7643
IPEDS,2011,state_appropriations_nominal,3906,7643
IPEDS,2011,local_appropriations_nominal,3906,7643
IPEDS,2011,research_expense_nominal,3906,7643
IPEDS,2011,endowment_assets_end_nominal,2646,7643
IPEDS,2011,finance_form,3906,7643
IPEDS,2011,finance_final_revised_file,3906,7643
IPEDS,2012,unitid,7735,7735
IPEDS,2012,institution_name_ipeds,7735,7735
IPEDS,2012,control,7735,7735
IPEDS,2012,degree_granting,7735,7735
IPEDS,2012,graduate_offering,7735,7735
IPEDS,2012,highest_degree_offered,7735,7735
IPEDS,2012,has_hospital,7735,7735
IPEDS,2012,grants_medical_degree,7735,7735
IPEDS,2012,carnegie_basic_2005_or_2021,7735,7735
IPEDS,2012,carnegie_2000,7735,7735
IPEDS,2012,year,7735,7735
IPEDS,2012,directory_final_revised_file,7735,7735
IPEDS,2012,total_enrollment,7505,7735
IPEDS,2012,graduate_enrollment,2148,7735
IPEDS,2012,enrollment_final_revised_file,7505,7735
IPEDS,2012,full_time_instruction_research_staff,7450,7735
IPEDS,2012,full_time_instruction_research_faculty,4171,7735
IPEDS,2012,full_time_tenured_or_tenure_track_ir_staff,2069,7735
IPEDS,2012,full_time_primarily_research_staff,506,7735
IPEDS,2012,graduate_assistants_total,987,7735
IPEDS,2012,graduate_assistants_teaching,666,7735
IPEDS,2012,graduate_assistants_research,487,7735
IPEDS,2012,employees_schema,7455,7735
IPEDS,2012,employees_final_revised_file,7455,7735
IPEDS,2012,total_revenue_nominal,3407,7735
IPEDS,2012,tuition_revenue_nominal,3882,7735
IPEDS,2012,federal_appropriations_nominal,3882,7735
IPEDS,2012,state_appropriations_nominal,3882,7735
IPEDS,2012,local_appropriations_nominal,3882,7735
IPEDS,2012,research_expense_nominal,3882,7735
IPEDS,2012,endowment_assets_end_nominal,2650,7735
IPEDS,2012,finance_form,3882,7735
IPEDS,2012,finance_final_revised_file,3882,7735
IPEDS,2013,unitid,7764,7764
IPEDS,2013,institution_name_ipeds,7764,7764
IPEDS,2013,control,7764,7764
IPEDS,2013,degree_granting,7764,7764
IPEDS,2013,graduate_offering,7764,7764
IPEDS,2013,highest_degree_offered,7764,7764
IPEDS,2013,has_hospital,7764,7764
IPEDS,2013,grants_medical_degree,7764,7764
IPEDS,2013,carnegie_basic_2005_or_2021,7764,7764
IPEDS,2013,carnegie_2000,7764,7764
IPEDS,2013,year,7764,7764
IPEDS,2013,directory_final_revised_file,7764,7764
IPEDS,2013,total_enrollment,7463,7764
IPEDS,2013,graduate_enrollment,2168,7764
IPEDS,2013,enrollment_final_revised_file,7463,7764
IPEDS,2013,full_time_instruction_research_staff,7413,7764
IPEDS,2013,full_time_instruction_research_faculty,4159,7764
IPEDS,2013,full_time_tenured_or_tenure_track_ir_staff,2072,7764
IPEDS,2013,full_time_primarily_research_staff,579,7764
IPEDS,2013,graduate_assistants_total,1005,7764
IPEDS,2013,graduate_assistants_teaching,668,7764
IPEDS,2013,graduate_assistants_research,499,7764
IPEDS,2013,employees_schema,7426,7764
IPEDS,2013,employees_final_revised_file,7426,7764
IPEDS,2013,total_revenue_nominal,3415,7764
IPEDS,2013,tuition_revenue_nominal,3885,7764
IPEDS,2013,federal_appropriations_nominal,3885,7764
IPEDS,2013,state_appropriations_nominal,3885,7764
IPEDS,2013,local_appropriations_nominal,3885,7764
IPEDS,2013,research_expense_nominal,3885,7764
IPEDS,2013,endowment_assets_end_nominal,2656,7764
IPEDS,2013,finance_form,3885,7764
IPEDS,2013,finance_final_revised_file,3885,7764
IPEDS,2014,unitid,7687,7687
IPEDS,2014,institution_name_ipeds,7687,7687
IPEDS,2014,control,7687,7687
IPEDS,2014,degree_granting,7687,7687
IPEDS,2014,graduate_offering,7687,7687
IPEDS,2014,highest_degree_offered,7687,7687
IPEDS,2014,has_hospital,7687,7687
IPEDS,2014,grants_medical_degree,7687,7687
IPEDS,2014,carnegie_basic_2005_or_2021,7687,7687
IPEDS,2014,carnegie_2000,7687,7687
IPEDS,2014,year,7687,7687
IPEDS,2014,directory_final_revised_file,7687,7687
IPEDS,2014,total_enrollment,7360,7687
IPEDS,2014,graduate_enrollment,2135,7687
IPEDS,2014,enrollment_final_revised_file,7360,7687
IPEDS,2014,full_time_instruction_research_staff,7309,7687
IPEDS,2014,full_time_instruction_research_faculty,4080,7687
IPEDS,2014,full_time_tenured_or_tenure_track_ir_staff,2054,7687
IPEDS,2014,full_time_primarily_research_staff,621,7687
IPEDS,2014,graduate_assistants_total,973,7687
IPEDS,2014,graduate_assistants_teaching,660,7687
IPEDS,2014,graduate_assistants_research,497,7687
IPEDS,2014,employees_schema,7323,7687
IPEDS,2014,employees_final_revised_file,7323,7687
IPEDS,2014,total_revenue_nominal,3405,7687
IPEDS,2014,tuition_revenue_nominal,3871,7687
IPEDS,2014,federal_appropriations_nominal,3871,7687
IPEDS,2014,state_appropriations_nominal,3871,7687
IPEDS,2014,local_appropriations_nominal,3871,7687
IPEDS,2014,research_expense_nominal,3871,7687
IPEDS,2014,endowment_assets_end_nominal,2660,7687
IPEDS,2014,finance_form,3871,7687
IPEDS,2014,finance_final_revised_file,3871,7687
IPEDS,2015,unitid,7647,7647
IPEDS,2015,institution_name_ipeds,7647,7647
IPEDS,2015,control,7647,7647
IPEDS,2015,degree_granting,7647,7647
IPEDS,2015,graduate_offering,7647,7647
IPEDS,2015,highest_degree_offered,7647,7647
IPEDS,2015,has_hospital,7647,7647
IPEDS,2015,grants_medical_degree,7647,7647
IPEDS,2015,carnegie_basic_2005_or_2021,7647,7647
IPEDS,2015,carnegie_2000,7647,7647
IPEDS,2015,year,7647,7647
IPEDS,2015,directory_final_revised_file,7647,7647
IPEDS,2015,total_enrollment,7229,7647
IPEDS,2015,graduate_enrollment,2134,7647
IPEDS,2015,enrollment_final_revised_file,7229,7647
IPEDS,2015,full_time_instruction_research_staff,7182,7647
IPEDS,2015,full_time_instruction_research_faculty,3974,7647
IPEDS,2015,full_time_tenured_or_tenure_track_ir_staff,2050,7647
IPEDS,2015,full_time_primarily_research_staff,639,7647
IPEDS,2015,graduate_assistants_total,990,7647
IPEDS,2015,graduate_assistants_teaching,657,7647
IPEDS,2015,graduate_assistants_research,499,7647
IPEDS,2015,employees_schema,7197,7647
IPEDS,2015,employees_final_revised_file,7197,7647
IPEDS,2015,total_revenue_nominal,3440,7647
IPEDS,2015,tuition_revenue_nominal,3908,7647
IPEDS,2015,federal_appropriations_nominal,3908,7647
IPEDS,2015,state_appropriations_nominal,3908,7647
IPEDS,2015,local_appropriations_nominal,3908,7647
IPEDS,2015,research_expense_nominal,3908,7647
IPEDS,2015,endowment_assets_end_nominal,2650,7647
IPEDS,2015,finance_form,3908,7647
IPEDS,2015,finance_final_revised_file,3908,7647
IPEDS,2016,unitid,7521,7521
IPEDS,2016,institution_name_ipeds,7521,7521
IPEDS,2016,control,7521,7521
IPEDS,2016,degree_granting,7521,7521
IPEDS,2016,graduate_offering,7521,7521
IPEDS,2016,highest_degree_offered,7521,7521
IPEDS,2016,has_hospital,7521,7521
IPEDS,2016,grants_medical_degree,7521,7521
IPEDS,2016,carnegie_basic_2005_or_2021,7521,7521
IPEDS,2016,carnegie_2000,7521,7521
IPEDS,2016,year,7521,7521
IPEDS,2016,directory_final_revised_file,7521,7521
IPEDS,2016,total_enrollment,6820,7521
IPEDS,2016,graduate_enrollment,2128,7521
IPEDS,2016,enrollment_final_revised_file,6820,7521
IPEDS,2016,full_time_instruction_research_staff,6775,7521
IPEDS,2016,full_time_instruction_research_faculty,3794,7521
IPEDS,2016,full_time_tenured_or_tenure_track_ir_staff,2039,7521
IPEDS,2016,full_time_primarily_research_staff,647,7521
IPEDS,2016,graduate_assistants_total,995,7521
IPEDS,2016,graduate_assistants_teaching,665,7521
IPEDS,2016,graduate_assistants_research,479,7521
IPEDS,2016,employees_schema,6789,7521
IPEDS,2016,employees_final_revised_file,6789,7521
IPEDS,2016,total_revenue_nominal,3407,7521
IPEDS,2016,tuition_revenue_nominal,3874,7521
IPEDS,2016,federal_appropriations_nominal,3874,7521
IPEDS,2016,state_appropriations_nominal,3874,7521
IPEDS,2016,local_appropriations_nominal,3874,7521
IPEDS,2016,research_expense_nominal,3874,7521
IPEDS,2016,endowment_assets_end_nominal,2664,7521
IPEDS,2016,finance_form,3874,7521
IPEDS,2016,finance_final_revised_file,3874,7521
IPEDS,2017,unitid,7153,7153
IPEDS,2017,institution_name_ipeds,7153,7153
IPEDS,2017,control,7153,7153
IPEDS,2017,degree_granting,7153,7153
IPEDS,2017,graduate_offering,7153,7153
IPEDS,2017,highest_degree_offered,7153,7153
IPEDS,2017,has_hospital,7153,7153
IPEDS,2017,grants_medical_degree,7153,7153
IPEDS,2017,carnegie_basic_2005_or_2021,7153,7153
IPEDS,2017,carnegie_2000,7153,7153
IPEDS,2017,year,7153,7153
IPEDS,2017,directory_final_revised_file,7153,7153
IPEDS,2017,total_enrollment,6676,7153
IPEDS,2017,graduate_enrollment,2126,7153
IPEDS,2017,enrollment_final_revised_file,6676,7153
IPEDS,2017,full_time_instruction_research_staff,6632,7153
IPEDS,2017,full_time_instruction_research_faculty,3743,7153
IPEDS,2017,full_time_tenured_or_tenure_track_ir_staff,2028,7153
IPEDS,2017,full_time_primarily_research_staff,647,7153
IPEDS,2017,graduate_assistants_total,1017,7153
IPEDS,2017,graduate_assistants_teaching,671,7153
IPEDS,2017,graduate_assistants_research,492,7153
IPEDS,2017,employees_schema,6649,7153
IPEDS,2017,employees_final_revised_file,6649,7153
IPEDS,2017,total_revenue_nominal,3399,7153
IPEDS,2017,tuition_revenue_nominal,3862,7153
IPEDS,2017,federal_appropriations_nominal,3862,7153
IPEDS,2017,state_appropriations_nominal,3862,7153
IPEDS,2017,local_appropriations_nominal,3862,7153
IPEDS,2017,research_expense_nominal,3862,7153
IPEDS,2017,endowment_assets_end_nominal,2670,7153
IPEDS,2017,finance_form,3862,7153
IPEDS,2017,finance_final_revised_file,3862,7153
IPEDS,2018,unitid,6857,6857
IPEDS,2018,institution_name_ipeds,6857,6857
IPEDS,2018,control,6857,6857
IPEDS,2018,degree_granting,6857,6857
IPEDS,2018,graduate_offering,6857,6857
IPEDS,2018,highest_degree_offered,6857,6857
IPEDS,2018,has_hospital,6857,6857
IPEDS,2018,grants_medical_degree,6857,6857
IPEDS,2018,carnegie_basic_2005_or_2021,6857,6857
IPEDS,2018,carnegie_2000,6857,6857
IPEDS,2018,year,6857,6857
IPEDS,2018,directory_final_revised_file,6857,6857
IPEDS,2018,total_enrollment,6354,6857
IPEDS,2018,graduate_enrollment,2087,6857
IPEDS,2018,enrollment_final_revised_file,6354,6857
IPEDS,2018,full_time_instruction_research_staff,6308,6857
IPEDS,2018,full_time_instruction_research_faculty,3631,6857
IPEDS,2018,full_time_tenured_or_tenure_track_ir_staff,2006,6857
IPEDS,2018,full_time_primarily_research_staff,643,6857
IPEDS,2018,graduate_assistants_total,1023,6857
IPEDS,2018,graduate_assistants_teaching,657,6857
IPEDS,2018,graduate_assistants_research,497,6857
IPEDS,2018,employees_schema,6330,6857
IPEDS,2018,employees_final_revised_file,6330,6857
IPEDS,2018,total_revenue_nominal,3360,6857
IPEDS,2018,tuition_revenue_nominal,3813,6857
IPEDS,2018,federal_appropriations_nominal,3813,6857
IPEDS,2018,state_appropriations_nominal,3813,6857
IPEDS,2018,local_appropriations_nominal,3813,6857
IPEDS,2018,research_expense_nominal,3813,6857
IPEDS,2018,endowment_assets_end_nominal,2695,6857
IPEDS,2018,finance_form,3813,6857
IPEDS,2018,finance_final_revised_file,3813,6857
IPEDS,2019,unitid,6559,6559
IPEDS,2019,institution_name_ipeds,6559,6559
IPEDS,2019,control,6559,6559
IPEDS,2019,degree_granting,6559,6559
IPEDS,2019,graduate_offering,6559,6559
IPEDS,2019,highest_degree_offered,6559,6559
IPEDS,2019,has_hospital,6559,6559
IPEDS,2019,grants_medical_degree,6559,6559
IPEDS,2019,carnegie_basic_2005_or_2021,6559,6559
IPEDS,2019,carnegie_2000,6559,6559
IPEDS,2019,year,6559,6559
IPEDS,2019,directory_final_revised_file,6559,6559
IPEDS,2019,total_enrollment,6179,6559
IPEDS,2019,graduate_enrollment,2060,6559
IPEDS,2019,enrollment_final_revised_file,6179,6559
IPEDS,2019,full_time_instruction_research_staff,6125,6559
IPEDS,2019,full_time_instruction_research_faculty,3571,6559
IPEDS,2019,full_time_tenured_or_tenure_track_ir_staff,1979,6559
IPEDS,2019,full_time_primarily_research_staff,641,6559
IPEDS,2019,graduate_assistants_total,1033,6559
IPEDS,2019,graduate_assistants_teaching,655,6559
IPEDS,2019,graduate_assistants_research,498,6559
IPEDS,2019,employees_schema,6139,6559
IPEDS,2019,employees_final_revised_file,6139,6559
IPEDS,2019,total_revenue_nominal,3348,6559
IPEDS,2019,tuition_revenue_nominal,3797,6559
IPEDS,2019,federal_appropriations_nominal,3797,6559
IPEDS,2019,state_appropriations_nominal,3797,6559
IPEDS,2019,local_appropriations_nominal,3797,6559
IPEDS,2019,research_expense_nominal,3797,6559
IPEDS,2019,endowment_assets_end_nominal,2694,6559
IPEDS,2019,finance_form,3797,6559
IPEDS,2019,finance_final_revised_file,3797,6559
IPEDS,2020,unitid,6440,6440
IPEDS,2020,institution_name_ipeds,6440,6440
IPEDS,2020,control,6440,6440
IPEDS,2020,degree_granting,6440,6440
IPEDS,2020,graduate_offering,6440,6440
IPEDS,2020,highest_degree_offered,6440,6440
IPEDS,2020,has_hospital,6440,6440
IPEDS,2020,grants_medical_degree,6440,6440
IPEDS,2020,carnegie_basic_2005_or_2021,6440,6440
IPEDS,2020,carnegie_2000,6440,6440
IPEDS,2020,year,6440,6440
IPEDS,2020,directory_final_revised_file,6440,6440
IPEDS,2020,total_enrollment,6129,6440
IPEDS,2020,graduate_enrollment,2049,6440
IPEDS,2020,enrollment_final_revised_file,6129,6440
IPEDS,2020,full_time_instruction_research_staff,6050,6440
IPEDS,2020,full_time_instruction_research_faculty,3515,6440
IPEDS,2020,full_time_tenured_or_tenure_track_ir_staff,1952,6440
IPEDS,2020,full_time_primarily_research_staff,665,6440
IPEDS,2020,graduate_assistants_total,1001,6440
IPEDS,2020,graduate_assistants_teaching,633,6440
IPEDS,2020,graduate_assistants_research,478,6440
IPEDS,2020,employees_schema,6069,6440
IPEDS,2020,employees_final_revised_file,6069,6440
IPEDS,2020,total_revenue_nominal,3320,6440
IPEDS,2020,tuition_revenue_nominal,3768,6440
IPEDS,2020,federal_appropriations_nominal,3768,6440
IPEDS,2020,state_appropriations_nominal,3768,6440
IPEDS,2020,local_appropriations_nominal,3768,6440
IPEDS,2020,research_expense_nominal,3768,6440
IPEDS,2020,endowment_assets_end_nominal,2693,6440
IPEDS,2020,finance_form,3768,6440
IPEDS,2020,finance_final_revised_file,3768,6440
IPEDS,2021,unitid,6289,6289
IPEDS,2021,institution_name_ipeds,6289,6289
IPEDS,2021,control,6289,6289
IPEDS,2021,degree_granting,6289,6289
IPEDS,2021,graduate_offering,6289,6289
IPEDS,2021,highest_degree_offered,6289,6289
IPEDS,2021,has_hospital,6289,6289
IPEDS,2021,grants_medical_degree,6289,6289
IPEDS,2021,carnegie_basic_2005_or_2021,6289,6289
IPEDS,2021,carnegie_2000,6289,6289
IPEDS,2021,year,6289,6289
IPEDS,2021,directory_final_revised_file,6289,6289
IPEDS,2021,total_enrollment,6050,6289
IPEDS,2021,graduate_enrollment,2059,6289
IPEDS,2021,enrollment_final_revised_file,6050,6289
IPEDS,2021,full_time_instruction_research_staff,5975,6289
IPEDS,2021,full_time_instruction_research_faculty,3488,6289
IPEDS,2021,full_time_tenured_or_tenure_track_ir_staff,1944,6289
IPEDS,2021,full_time_primarily_research_staff,662,6289
IPEDS,2021,graduate_assistants_total,1022,6289
IPEDS,2021,graduate_assistants_teaching,644,6289
IPEDS,2021,graduate_assistants_research,490,6289
IPEDS,2021,employees_schema,5992,6289
IPEDS,2021,employees_final_revised_file,5992,6289
IPEDS,2021,total_revenue_nominal,3308,6289
IPEDS,2021,tuition_revenue_nominal,3751,6289
IPEDS,2021,federal_appropriations_nominal,3751,6289
IPEDS,2021,state_appropriations_nominal,3751,6289
IPEDS,2021,local_appropriations_nominal,3751,6289
IPEDS,2021,research_expense_nominal,3751,6289
IPEDS,2021,endowment_assets_end_nominal,2691,6289
IPEDS,2021,finance_form,3751,6289
IPEDS,2021,finance_final_revised_file,3751,6289
IPEDS,2022,unitid,6256,6256
IPEDS,2022,institution_name_ipeds,6256,6256
IPEDS,2022,control,6256,6256
IPEDS,2022,degree_granting,6256,6256
IPEDS,2022,graduate_offering,6256,6256
IPEDS,2022,highest_degree_offered,6256,6256
IPEDS,2022,has_hospital,6256,6256
IPEDS,2022,grants_medical_degree,6256,6256
IPEDS,2022,carnegie_basic_2005_or_2021,6256,6256
IPEDS,2022,carnegie_2000,6256,6256
IPEDS,2022,year,6256,6256
IPEDS,2022,directory_final_revised_file,6256,6256
IPEDS,2022,total_enrollment,5978,6256
IPEDS,2022,graduate_enrollment,2048,6256
IPEDS,2022,enrollment_final_revised_file,5978,6256
IPEDS,2022,full_time_instruction_research_staff,5907,6256
IPEDS,2022,full_time_instruction_research_faculty,3510,6256
IPEDS,2022,full_time_tenured_or_tenure_track_ir_staff,1952,6256
IPEDS,2022,full_time_primarily_research_staff,685,6256
IPEDS,2022,graduate_assistants_total,1045,6256
IPEDS,2022,graduate_assistants_teaching,657,6256
IPEDS,2022,graduate_assistants_research,493,6256
IPEDS,2022,employees_schema,5926,6256
IPEDS,2022,employees_final_revised_file,5926,6256
IPEDS,2022,total_revenue_nominal,3281,6256
IPEDS,2022,tuition_revenue_nominal,3718,6256
IPEDS,2022,federal_appropriations_nominal,3718,6256
IPEDS,2022,state_appropriations_nominal,3718,6256
IPEDS,2022,local_appropriations_nominal,3718,6256
IPEDS,2022,research_expense_nominal,3718,6256
IPEDS,2022,endowment_assets_end_nominal,2665,6256
IPEDS,2022,finance_form,3718,6256
IPEDS,2022,finance_final_revised_file,3718,6256
IPEDS,2023,unitid,6163,6163
IPEDS,2023,institution_name_ipeds,6163,6163
IPEDS,2023,control,6163,6163
IPEDS,2023,degree_granting,6163,6163
IPEDS,2023,graduate_offering,6163,6163
IPEDS,2023,highest_degree_offered,6163,6163
IPEDS,2023,has_hospital,6163,6163
IPEDS,2023,grants_medical_degree,6163,6163
IPEDS,2023,carnegie_basic_2005_or_2021,6163,6163
IPEDS,2023,carnegie_2000,6163,6163
IPEDS,2023,year,6163,6163
IPEDS,2023,directory_final_revised_file,6163,6163
IPEDS,2023,total_enrollment,5913,6163
IPEDS,2023,graduate_enrollment,2048,6163
IPEDS,2023,enrollment_final_revised_file,5913,6163
IPEDS,2023,full_time_instruction_research_staff,5651,6163
IPEDS,2023,full_time_instruction_research_faculty,3453,6163
IPEDS,2023,full_time_tenured_or_tenure_track_ir_staff,1929,6163
IPEDS,2023,full_time_primarily_research_staff,608,6163
IPEDS,2023,graduate_assistants_total,1046,6163
IPEDS,2023,graduate_assistants_teaching,635,6163
IPEDS,2023,graduate_assistants_research,494,6163
IPEDS,2023,employees_schema,5865,6163
IPEDS,2023,employees_final_revised_file,5865,6163
IPEDS,2023,total_revenue_nominal,3253,6163
IPEDS,2023,tuition_revenue_nominal,3682,6163
IPEDS,2023,federal_appropriations_nominal,3682,6163
IPEDS,2023,state_appropriations_nominal,3682,6163
IPEDS,2023,local_appropriations_nominal,3682,6163
IPEDS,2023,research_expense_nominal,3682,6163
IPEDS,2023,endowment_assets_end_nominal,2646,6163
IPEDS,2023,finance_form,3682,6163
IPEDS,2023,finance_final_revised_file,3682,6163
