prestige_segment_equispaced,Area,ft_funded,ft_unfunded,tt_headcount,funded_tt_ratio,unfunded_tt_ratio,AreaHasCollabNorm
1,Agriculture,486,228,420,1.1571428571428573,0.5428571428571428,TRUE
1,Anthro.,77,299,202,0.3811881188118812,1.4801980198019802,FALSE
1,Arch. & Design,6,241,179,0.0335195530726257,1.3463687150837989,TRUE
1,Bio. Sci.,645,995,1389,0.46436285097192226,0.7163426925845933,TRUE
1,Chem. Sci.,348,450,681,0.5110132158590308,0.6607929515418502,TRUE
1,Comp. Sci.,236,1342,605,0.39008264462809916,2.2181818181818183,TRUE
1,Earth Sci.,98,267,441,0.2222222222222222,0.6054421768707483,TRUE
1,Econ.,101,377,277,0.36462093862815886,1.3610108303249098,FALSE
1,Engineering,583,2207,1436,0.40598885793871864,1.536908077994429,TRUE
1,Geogr.,25,103,105,0.23809523809523808,0.9809523809523809,FALSE
1,Health,116,1011,1081,0.10730804810360776,0.9352451433857539,TRUE
1,Math. Sci.,52,388,489,0.10633946830265849,0.7934560327198364,FALSE
1,Medical Sci.,254,385,758,0.33509234828496043,0.5079155672823219,TRUE
1,Physical Sci.,197,288,436,0.4518348623853211,0.6605504587155964,TRUE
1,Polit. Sci.,124,655,279,0.4444444444444444,2.347670250896057,FALSE
1,Psychol. Sci.,237,1077,529,0.44801512287334594,2.0359168241965975,TRUE
1,Sociol.,23,81,255,0.09019607843137255,0.3176470588235294,FALSE
2,Agriculture,759,366,507,1.4970414201183433,0.7218934911242604,TRUE
2,Anthro.,65,230,172,0.37790697674418605,1.3372093023255813,FALSE
2,Arch. & Design,50,221,135,0.37037037037037035,1.637037037037037,TRUE
2,Bio. Sci.,638,879,1421,0.4489795918367347,0.6185784658691063,TRUE
2,Chem. Sci.,476,877,714,0.6666666666666666,1.2282913165266107,TRUE
2,Comp. Sci.,323,1401,544,0.59375,2.5753676470588234,TRUE
2,Earth Sci.,135,236,392,0.34438775510204084,0.6020408163265306,TRUE
2,Econ.,117,483,279,0.41935483870967744,1.7311827956989247,FALSE
2,Engineering,443,847,1484,0.29851752021563344,0.5707547169811321,TRUE
2,Geogr.,31,88,94,0.32978723404255317,0.9361702127659575,FALSE
2,Health,154,646,1132,0.13604240282685512,0.5706713780918727,TRUE
2,Math. Sci.,60,486,502,0.11952191235059761,0.9681274900398407,FALSE
2,Medical Sci.,393,466,754,0.5212201591511937,0.6180371352785146,TRUE
2,Physical Sci.,290,391,425,0.6823529411764706,0.92,TRUE
2,Polit. Sci.,33,484,261,0.12643678160919541,1.8544061302681993,FALSE
2,Psychol. Sci.,372,1277,540,0.6888888888888889,2.3648148148148147,TRUE
2,Sociol.,39,168,237,0.16455696202531644,0.7088607594936709,FALSE
3,Agriculture,791,316,342,2.3128654970760234,0.9239766081871345,TRUE
3,Anthro.,77,216,147,0.5238095238095238,1.469387755102041,FALSE
3,Arch. & Design,69,346,157,0.4394904458598726,2.2038216560509554,TRUE
3,Bio. Sci.,1056,945,1365,0.7736263736263737,0.6923076923076923,TRUE
3,Chem. Sci.,636,845,705,0.902127659574468,1.198581560283688,TRUE
3,Comp. Sci.,596,2499,569,1.047451669595782,4.391915641476274,TRUE
3,Earth Sci.,206,444,404,0.5099009900990099,1.099009900990099,TRUE
3,Econ.,162,480,290,0.5586206896551724,1.6551724137931034,FALSE
3,Engineering,676,1548,1418,0.4767277856135402,1.0916784203102963,TRUE
3,Geogr.,57,166,92,0.6195652173913043,1.8043478260869565,FALSE
3,Health,131,756,1081,0.1211840888066605,0.6993524514338575,TRUE
3,Math. Sci.,132,672,438,0.3013698630136986,1.5342465753424657,FALSE
3,Medical Sci.,477,512,710,0.671830985915493,0.7211267605633803,TRUE
3,Physical Sci.,328,381,458,0.7161572052401747,0.8318777292576419,TRUE
3,Polit. Sci.,169,780,242,0.6983471074380165,3.2231404958677685,FALSE
3,Psychol. Sci.,236,615,495,0.4767676767676768,1.2424242424242424,TRUE
3,Sociol.,63,246,241,0.26141078838174275,1.020746887966805,FALSE
4,Agriculture,860,473,527,1.6318785578747628,0.8975332068311196,TRUE
4,Anthro.,78,233,210,0.37142857142857144,1.1095238095238096,FALSE
4,Arch. & Design,47,377,149,0.31543624161073824,2.530201342281879,TRUE
4,Bio. Sci.,568,441,1522,0.3731931668856767,0.2897503285151117,TRUE
4,Chem. Sci.,855,899,683,1.2518301610541727,1.3162518301610542,TRUE
4,Comp. Sci.,530,2302,584,0.9075342465753424,3.941780821917808,TRUE
4,Earth Sci.,282,256,469,0.6012793176972282,0.5458422174840085,TRUE
4,Econ.,126,461,312,0.40384615384615385,1.4775641025641026,FALSE
4,Engineering,857,2270,1395,0.614336917562724,1.6272401433691757,TRUE
4,Geogr.,46,111,88,0.5227272727272727,1.2613636363636365,FALSE
4,Health,240,920,1097,0.2187784867821331,0.8386508659981768,TRUE
4,Math. Sci.,121,621,508,0.23818897637795275,1.2224409448818898,FALSE
4,Medical Sci.,425,651,838,0.5071599045346062,0.7768496420047732,TRUE
4,Physical Sci.,451,359,424,1.0636792452830188,0.8466981132075472,TRUE
4,Polit. Sci.,301,1170,264,1.1401515151515151,4.431818181818182,FALSE
4,Psychol. Sci.,436,423,528,0.8257575757575758,0.8011363636363636,TRUE
4,Sociol.,75,250,226,0.33185840707964603,1.1061946902654867,FALSE
5,Agriculture,688,149,347,1.9827089337175792,0.42939481268011526,TRUE
5,Anthro.,96,278,173,0.5549132947976878,1.606936416184971,FALSE
5,Arch. & Design,92,831,167,0.5508982035928144,4.976047904191617,TRUE
5,Bio. Sci.,649,462,1335,0.4861423220973783,0.34606741573033706,TRUE
5,Chem. Sci.,647,824,723,0.8948824343015215,1.1396957123098201,TRUE
5,Comp. Sci.,478,2582,549,0.8706739526411658,4.703096539162113,TRUE
5,Earth Sci.,307,326,390,0.7871794871794872,0.8358974358974359,TRUE
5,Econ.,95,989,292,0.3253424657534247,3.386986301369863,FALSE
5,Engineering,1161,2387,1444,0.804016620498615,1.6530470914127424,TRUE
5,Geogr.,92,146,100,0.92,1.46,FALSE
5,Health,359,1358,1015,0.3536945812807882,1.3379310344827586,TRUE
5,Math. Sci.,165,938,435,0.3793103448275862,2.15632183908046,FALSE
5,Medical Sci.,533,113,730,0.7301369863013699,0.1547945205479452,TRUE
5,Physical Sci.,539,461,418,1.2894736842105263,1.1028708133971292,TRUE
5,Polit. Sci.,350,1476,271,1.2915129151291513,5.446494464944649,FALSE
5,Psychol. Sci.,293,643,524,0.5591603053435115,1.2270992366412214,TRUE
5,Sociol.,43,296,266,0.16165413533834586,1.112781954887218,FALSE
6,Agriculture,1007,614,505,1.994059405940594,1.2158415841584158,TRUE
6,Anthro.,161,385,159,1.0125786163522013,2.4213836477987423,FALSE
6,Arch. & Design,17,298,169,0.10059171597633136,1.7633136094674555,TRUE
6,Bio. Sci.,307,255,1398,0.21959942775393418,0.18240343347639484,TRUE
6,Chem. Sci.,1044,970,688,1.5174418604651163,1.4098837209302326,TRUE
6,Comp. Sci.,1089,5551,605,1.8,9.175206611570248,TRUE
6,Earth Sci.,290,245,496,0.5846774193548387,0.4939516129032258,TRUE
6,Econ.,277,868,306,0.9052287581699346,2.8366013071895426,FALSE
6,Engineering,1248,3756,1420,0.8788732394366198,2.6450704225352113,TRUE
6,Geogr.,83,144,102,0.8137254901960784,1.411764705882353,FALSE
6,Health,318,761,1054,0.301707779886148,0.722011385199241,TRUE
6,Math. Sci.,264,1215,449,0.5879732739420935,2.706013363028953,FALSE
6,Medical Sci.,203,146,721,0.2815533980582524,0.20249653259361997,TRUE
6,Physical Sci.,571,596,501,1.1397205588822354,1.1896207584830338,TRUE
6,Polit. Sci.,213,695,261,0.8160919540229885,2.6628352490421454,FALSE
6,Psychol. Sci.,473,570,520,0.9096153846153846,1.0961538461538463,TRUE
6,Sociol.,66,225,219,0.3013698630136986,1.0273972602739727,FALSE
7,Agriculture,875,433,450,1.9444444444444444,0.9622222222222222,TRUE
7,Anthro.,247,482,161,1.5341614906832297,2.9937888198757765,FALSE
7,Arch. & Design,81,696,155,0.5225806451612903,4.490322580645161,TRUE
7,Bio. Sci.,454,407,1391,0.32638389647735444,0.29259525521207763,TRUE
7,Chem. Sci.,1115,705,763,1.4613368283093053,0.9239842726081258,TRUE
7,Comp. Sci.,940,3262,544,1.7279411764705883,5.9963235294117645,TRUE
7,Earth Sci.,308,198,408,0.7549019607843137,0.4852941176470588,TRUE
7,Econ.,295,673,258,1.1434108527131783,2.608527131782946,FALSE
7,Engineering,1481,2127,1465,1.0109215017064845,1.451877133105802,TRUE
7,Geogr.,127,252,91,1.3956043956043955,2.769230769230769,FALSE
7,Health,201,960,1038,0.1936416184971098,0.9248554913294798,TRUE
7,Math. Sci.,399,1053,457,0.8730853391684902,2.3041575492341355,FALSE
7,Medical Sci.,309,170,782,0.39514066496163686,0.21739130434782608,TRUE
7,Physical Sci.,897,656,360,2.4916666666666667,1.8222222222222222,TRUE
7,Polit. Sci.,194,739,265,0.7320754716981132,2.788679245283019,FALSE
7,Psychol. Sci.,462,444,536,0.8619402985074627,0.8283582089552238,TRUE
7,Sociol.,196,385,220,0.8909090909090909,1.75,FALSE
8,Agriculture,896,331,454,1.973568281938326,0.7290748898678414,TRUE
8,Anthro.,176,260,187,0.9411764705882353,1.3903743315508021,FALSE
8,Arch. & Design,89,614,162,0.5493827160493827,3.7901234567901234,TRUE
8,Bio. Sci.,1119,609,1363,0.8209831254585473,0.44680851063829785,TRUE
8,Chem. Sci.,1738,1110,666,2.6096096096096097,1.6666666666666667,TRUE
8,Comp. Sci.,1305,2829,605,2.15702479338843,4.67603305785124,TRUE
8,Earth Sci.,487,389,450,1.0822222222222222,0.8644444444444445,TRUE
8,Econ.,275,763,314,0.8757961783439491,2.429936305732484,FALSE
8,Engineering,2423,2948,1392,1.7406609195402298,2.117816091954023,TRUE
8,Geogr.,83,175,133,0.6240601503759399,1.3157894736842106,FALSE
8,Health,533,1013,1026,0.5194931773879142,0.9873294346978557,TRUE
8,Math. Sci.,668,2039,490,1.363265306122449,4.161224489795918,FALSE
8,Medical Sci.,485,233,670,0.7238805970149254,0.34776119402985073,TRUE
8,Physical Sci.,1804,925,421,4.285035629453682,2.197149643705463,TRUE
8,Polit. Sci.,573,1276,266,2.154135338345865,4.796992481203008,FALSE
8,Psychol. Sci.,642,604,520,1.2346153846153847,1.1615384615384616,TRUE
8,Sociol.,216,491,218,0.9908256880733946,2.2522935779816513,FALSE
9,Agriculture,1389,752,449,3.093541202672606,1.6748329621380846,TRUE
9,Anthro.,246,276,143,1.7202797202797202,1.93006993006993,FALSE
9,Arch. & Design,200,215,186,1.075268817204301,1.1559139784946237,TRUE
9,Bio. Sci.,1349,465,1448,0.9316298342541437,0.32113259668508287,TRUE
9,Chem. Sci.,2475,1863,682,3.629032258064516,2.731671554252199,TRUE
9,Comp. Sci.,1567,1856,582,2.6924398625429555,3.189003436426117,TRUE
9,Earth Sci.,570,579,412,1.383495145631068,1.4053398058252426,TRUE
9,Econ.,335,860,278,1.2050359712230216,3.093525179856115,FALSE
9,Engineering,3057,3399,1437,2.127348643006263,2.3653444676409188,TRUE
9,Geogr.,74,171,90,0.8222222222222222,1.9,FALSE
9,Health,475,1543,1069,0.44434050514499535,1.4434050514499532,TRUE
9,Math. Sci.,500,1098,487,1.0266940451745379,2.2546201232032854,FALSE
9,Medical Sci.,768,92,824,0.9320388349514563,0.11165048543689321,TRUE
9,Physical Sci.,1447,795,477,3.0335429769392035,1.6666666666666667,TRUE
9,Polit. Sci.,605,2394,246,2.459349593495935,9.731707317073171,FALSE
9,Psychol. Sci.,574,650,523,1.0975143403441683,1.24282982791587,TRUE
9,Sociol.,345,440,222,1.554054054054054,1.981981981981982,FALSE
10,Agriculture,543,336,338,1.606508875739645,0.9940828402366864,TRUE
10,Anthro.,452,229,157,2.878980891719745,1.4585987261146496,FALSE
10,Arch. & Design,164,287,124,1.3225806451612903,2.314516129032258,TRUE
10,Bio. Sci.,1831,485,1354,1.3522895125553915,0.3581979320531758,TRUE
10,Chem. Sci.,2965,933,670,4.425373134328358,1.3925373134328358,TRUE
10,Comp. Sci.,2574,3658,538,4.784386617100372,6.799256505576208,TRUE
10,Earth Sci.,1201,430,379,3.1688654353562007,1.1345646437994723,TRUE
10,Econ.,893,984,266,3.357142857142857,3.699248120300752,FALSE
10,Engineering,3017,2437,1379,2.1878172588832485,1.7672226250906453,TRUE
10,Geogr.,131,173,84,1.5595238095238095,2.0595238095238093,FALSE
10,Health,639,862,995,0.6422110552763819,0.8663316582914573,TRUE
10,Math. Sci.,925,989,431,2.1461716937354987,2.2946635730858467,FALSE
10,Medical Sci.,924,152,653,1.4150076569678407,0.2327718223583461,TRUE
10,Physical Sci.,1877,458,413,4.544794188861985,1.1089588377723971,TRUE
10,Polit. Sci.,1564,1795,241,6.4896265560165975,7.448132780082988,FALSE
10,Psychol. Sci.,1030,427,497,2.0724346076458753,0.8591549295774648,TRUE
10,Sociol.,600,449,212,2.830188679245283,2.1179245283018866,FALSE
