source,source_year,source_identifier,source_name,candidate_canonical_name,candidate_identifier,match_basis,similarity_score,reason_for_review,status,reviewer,review_date
GSS,2008-2024,1066,Auburn University,,100830,GSS-provided school-level IPEDS UNITID,,Reporting institution maps to multiple school UNITIDs,pending,,
GSS,2008-2024,1066,Auburn University,,100858,GSS-provided school-level IPEDS UNITID,,Reporting institution maps to multiple school UNITIDs,pending,,
GSS,2018-2021,3006,California University of Science and Medicine,,,GSS-provided school-level IPEDS UNITID,,GSS supplies no usable IPEDS UNITID,pending,,
GSS,2015-2024,2959,Cedars-Sinai Medical Center,,,GSS-provided school-level IPEDS UNITID,,GSS supplies no usable IPEDS UNITID,pending,,
GSS,2023-2024,1084,Cornell University,,190415,GSS-provided school-level IPEDS UNITID,,Reporting institution maps to multiple school UNITIDs,pending,,
GSS,2023-2024,1084,Cornell University,,190424,GSS-provided school-level IPEDS UNITID,,Reporting institution maps to multiple school UNITIDs,pending,,
GSS,2014-2014,2887,"Elmezzi Graduate School of Molecular Medicine, The",,,GSS-provided school-level IPEDS UNITID,,GSS supplies no usable IPEDS UNITID,pending,,
GSS,2023-2024,638,Embry-Riddle Aeronautical University,,104586,GSS-provided school-level IPEDS UNITID,,Reporting institution maps to multiple school UNITIDs,pending,,
GSS,2023-2024,638,Embry-Riddle Aeronautical University,,133553,GSS-provided school-level IPEDS UNITID,,Reporting institution maps to multiple school UNITIDs,pending,,
GSS,2008-2018,1079,Fairleigh Dickinson University,,184603,GSS-provided school-level IPEDS UNITID,,Reporting institution maps to multiple school UNITIDs,pending,,
GSS,2008-2018,1079,Fairleigh Dickinson University,,184694,GSS-provided school-level IPEDS UNITID,,Reporting institution maps to multiple school UNITIDs,pending,,
GSS,2011-2024,1071,Indiana University,,151111,GSS-provided school-level IPEDS UNITID,,Reporting institution maps to multiple school UNITIDs,pending,,
GSS,2011-2024,1071,Indiana University,,151342,GSS-provided school-level IPEDS UNITID,,Reporting institution maps to multiple school UNITIDs,pending,,
GSS,2011-2024,1071,Indiana University,,151351,GSS-provided school-level IPEDS UNITID,,Reporting institution maps to multiple school UNITIDs,pending,,
GSS,2015-2016,1071,Indiana University,,151379,GSS-provided school-level IPEDS UNITID,,Reporting institution maps to multiple school UNITIDs,pending,,
GSS,2008-2010,1085,Long Island University,,192439,GSS-provided school-level IPEDS UNITID,,Reporting institution maps to multiple school UNITIDs,pending,,
GSS,2008-2010,1085,Long Island University,,192448,GSS-provided school-level IPEDS UNITID,,Reporting institution maps to multiple school UNITIDs,pending,,
GSS,2011-2016,1085,Long Island University,,192554,GSS-provided school-level IPEDS UNITID,,Reporting institution maps to multiple school UNITIDs,pending,,
GSS,2017-2018,1085,Long Island University,,432357,GSS-provided school-level IPEDS UNITID,,Reporting institution maps to multiple school UNITIDs,pending,,
GSS,2012-2020,1074,Louisiana State University,,159373,GSS-provided school-level IPEDS UNITID,,Reporting institution maps to multiple school UNITIDs,pending,,
GSS,2012-2020,1074,Louisiana State University,,159391,GSS-provided school-level IPEDS UNITID,,Reporting institution maps to multiple school UNITIDs,pending,,
GSS,2012-2020,1074,Louisiana State University,,159416,GSS-provided school-level IPEDS UNITID,,Reporting institution maps to multiple school UNITIDs,pending,,
GSS,2008-2011,1074,Louisiana State University,,159939,GSS-provided school-level IPEDS UNITID,,Reporting institution maps to multiple school UNITIDs,pending,,
GSS,2021-2024,1074,Louisiana State University,,435000,GSS-provided school-level IPEDS UNITID,,Reporting institution maps to multiple school UNITIDs,pending,,
GSS,2014-2017,862,New York University,,193900,GSS-provided school-level IPEDS UNITID,,Reporting institution maps to multiple school UNITIDs,pending,,
GSS,2014-2017,862,New York University,,194541,GSS-provided school-level IPEDS UNITID,,Reporting institution maps to multiple school UNITIDs,pending,,
GSS,2008-2011,1101,Pennsylvania State University,,214616,GSS-provided school-level IPEDS UNITID,,Reporting institution maps to multiple school UNITIDs,pending,,
GSS,2008-2011,1101,Pennsylvania State University,,214777,GSS-provided school-level IPEDS UNITID,,Reporting institution maps to multiple school UNITIDs,pending,,
GSS,2008-2017,1072,Purdue University,,151102,GSS-provided school-level IPEDS UNITID,,Reporting institution maps to multiple school UNITIDs,pending,,
GSS,2008-2017,1072,Purdue University,,152248,GSS-provided school-level IPEDS UNITID,,Reporting institution maps to multiple school UNITIDs,pending,,
GSS,2008-2017,1072,Purdue University,,243780,GSS-provided school-level IPEDS UNITID,,Reporting institution maps to multiple school UNITIDs,pending,,
GSS,2018-2024,1072,Purdue University,,490805,GSS-provided school-level IPEDS UNITID,,Reporting institution maps to multiple school UNITIDs,pending,,
GSS,2023-2023,865,Rensselaer Polytechnic Institute,,129428,GSS-provided school-level IPEDS UNITID,,Reporting institution maps to multiple school UNITIDs,pending,,
GSS,2023-2023,865,Rensselaer Polytechnic Institute,,194824,GSS-provided school-level IPEDS UNITID,,Reporting institution maps to multiple school UNITIDs,pending,,
GSS,2008-2011,1080,Rutgers the State Univ of New Jersey,,186371,GSS-provided school-level IPEDS UNITID,,Reporting institution maps to multiple school UNITIDs,pending,,
GSS,2008-2011,1080,Rutgers the State Univ of New Jersey,,186380,GSS-provided school-level IPEDS UNITID,,Reporting institution maps to multiple school UNITIDs,pending,,
GSS,2008-2011,1080,Rutgers the State Univ of New Jersey,,186399,GSS-provided school-level IPEDS UNITID,,Reporting institution maps to multiple school UNITIDs,pending,,
GSS,2013-2020,1080,"Rutgers, The State University of New Jersey",,187222,GSS-provided school-level IPEDS UNITID,,Reporting institution maps to multiple school UNITIDs,pending,,
GSS,2014-2024,2879,"Scripps Research Institute, The",,,GSS-provided school-level IPEDS UNITID,,GSS supplies no usable IPEDS UNITID,pending,,
GSS,2017-2022,992,Texas Tech University,,229115,GSS-provided school-level IPEDS UNITID,,Reporting institution maps to multiple school UNITIDs,pending,,
GSS,2017-2022,992,Texas Tech University,,229337,GSS-provided school-level IPEDS UNITID,,Reporting institution maps to multiple school UNITIDs,pending,,
GSS,2023-2024,992,Texas Tech University,,492689,GSS-provided school-level IPEDS UNITID,,Reporting institution maps to multiple school UNITIDs,pending,,
GSS,2008-2024,1067,University of Colorado,,126562,GSS-provided school-level IPEDS UNITID,,Reporting institution maps to multiple school UNITIDs,pending,,
GSS,2008-2024,1067,University of Colorado,,126580,GSS-provided school-level IPEDS UNITID,,Reporting institution maps to multiple school UNITIDs,pending,,
GSS,2008-2024,1067,University of Colorado,,126614,GSS-provided school-level IPEDS UNITID,,Reporting institution maps to multiple school UNITIDs,pending,,
GSS,2008-2009,1142,University of Kansas,,155317,GSS-provided school-level IPEDS UNITID,,Reporting institution maps to multiple school UNITIDs,pending,,
GSS,2008-2009,1142,University of Kansas,,155326,GSS-provided school-level IPEDS UNITID,,Reporting institution maps to multiple school UNITIDs,pending,,
GSS,2024-2024,3025,"University of Maryland, The",,163259,GSS-provided school-level IPEDS UNITID,,Reporting institution maps to multiple school UNITIDs,pending,,
GSS,2023-2023,726,"University of Maryland, The",,163259,GSS-provided school-level IPEDS UNITID,,Reporting institution maps to multiple school UNITIDs,pending,,
GSS,2024-2024,3025,"University of Maryland, The",,163286,GSS-provided school-level IPEDS UNITID,,Reporting institution maps to multiple school UNITIDs,pending,,
GSS,2023-2023,726,"University of Maryland, The",,163286,GSS-provided school-level IPEDS UNITID,,Reporting institution maps to multiple school UNITIDs,pending,,
GSS,2008-2024,1107,University of Michigan,,170976,GSS-provided school-level IPEDS UNITID,,Reporting institution maps to multiple school UNITIDs,pending,,
GSS,2008-2024,1107,University of Michigan,,171137,GSS-provided school-level IPEDS UNITID,,Reporting institution maps to multiple school UNITIDs,pending,,
GSS,2008-2024,1076,University of Minnesota,,174066,GSS-provided school-level IPEDS UNITID,,Reporting institution maps to multiple school UNITIDs,pending,,
GSS,2008-2024,1076,University of Minnesota,,174233,GSS-provided school-level IPEDS UNITID,,Reporting institution maps to multiple school UNITIDs,pending,,
GSS,2008-2011,1077,University of Mississippi,,176017,GSS-provided school-level IPEDS UNITID,,Reporting institution maps to multiple school UNITIDs,pending,,
GSS,2008-2011,1077,University of Mississippi,,176026,GSS-provided school-level IPEDS UNITID,,Reporting institution maps to multiple school UNITIDs,pending,,
GSS,2008-2011,1099,University of Oklahoma,,207342,GSS-provided school-level IPEDS UNITID,,Reporting institution maps to multiple school UNITIDs,pending,,
GSS,2008-2011,1099,University of Oklahoma,,207500,GSS-provided school-level IPEDS UNITID,,Reporting institution maps to multiple school UNITIDs,pending,,
GSS,2015-2022,2965,Van Andel Institute,,,GSS-provided school-level IPEDS UNITID,,GSS supplies no usable IPEDS UNITID,pending,,
GSS,2019-2024,795,Western Michigan University,,172699,GSS-provided school-level IPEDS UNITID,,Reporting institution maps to multiple school UNITIDs,pending,,
GSS,2019-2024,795,Western Michigan University,,490373,GSS-provided school-level IPEDS UNITID,,Reporting institution maps to multiple school UNITIDs,pending,,
GSS,2008-2008,754,Woods Hole Oceanographic Institution,,,GSS-provided school-level IPEDS UNITID,,GSS supplies no usable IPEDS UNITID,pending,,
